職缺名稱,公司名稱,工作地點,薪資,學歷要求,工作性質,遠端工作,更新日期,應徵人數,工作描述,產業類別,職缺連結,公司連結
AI與RPA整合工程師,邦鉑科技股份有限公司,台北市內湖區 新明路159號6樓,面議,大學、碩士,全職,否,2026-02-24,1, 【我們在找誰】  我們正在找一位不只是把 AI 技術與 [[[RPA]]] 流程「做得起來」，更能把專案「推得動、交得好」的專業夥伴！ 如果你熱愛用 AI 與自動化技術解決問題、喜歡跨部門溝通協調資源，並且樂於將繁瑣工作轉化為高效流程，這份職缺就是專為你準,電腦系統整合服務業,https://www.104.com.tw/job/8r0fb,https://www.104.com.tw/company/1a2x6bkdyp
SGS產業升級人才培訓計畫熱烈招募中，開創職涯新高度的絕佳機會！※可年後入職 ※【職類：Digital Transformation Management】,SGS _ 台灣檢驗科技股份有限公司,新北市五股區 五工路134號﹝五股工業區﹞,面議,碩士、博士,全職,否,2026-03-02,6,end到end專案交付經驗。 4. 熟悉GDPR、資訊安全架構、隱私權保護等規範。 5. 熟悉雲端運算、大數據、AI/機器學習、IoT、[[[RPA]]]、自動化流程等。 6. 中英文雙語溝通能力佳。 ,檢測技術服務,https://www.104.com.tw/job/8w8rf,https://www.104.com.tw/company/azqe3aw
RPA 顧問（RPA Consultant / Senior RPA Consultant)-F203,精誠資訊股份有限公司,台北市內湖區 瑞光路318號,面議,大學、碩士,兼職,否,2026-03-02,0,1. 流程診斷與需求訪談：與客戶業務單位、IT、內控/稽核訪談，完成流程盤點、痛點分析、適用性判斷（automation feasibility）。  2. 自動化方案設計：產出 To-Be 流程、[[[RPA]]] 解決方案、例外處理策略、權限與稽核設計、,電腦系統整合服務業,https://www.104.com.tw/job/8xrxf,https://www.104.com.tw/company/18pcqfps
RPA 軟體開發工程師,鑄立科技股份有限公司,台北市中山區 復興北路164號12樓之1,面議,大學、碩士,不限,否,2025-09-09,2,您即將成為 [[[RPA]]] 開發團隊的一員，與專案經理及開發團隊協作完成機器人自動化專案，共同探討解決方案。在這過程中，您將接觸到各種企業工作流程，更有機會擔任企業培訓的技術指導員！  如果您具備以下特質並對這份工作感興趣，請即與我們聯繫！期待與您一起合,電腦軟體服務業,https://www.104.com.tw/job/7jy3l,https://www.104.com.tw/company/1a2x6blylu
RPA Solution Sales Specialist,廣達集團_雲達科技股份有限公司,桃園市龜山區 文化二路211號1樓,面議,大學、碩士,不限,否,2026-02-06,1,Objectives  This job role tends to work at QCT Sales division responsible for [[[RPA]]] solution selling to support [[[RPA]]] business,電腦軟體服務業,https://www.104.com.tw/job/8qd3z,https://www.104.com.tw/company/1a2x6bihks
RPA Business Development Specialist,廣達集團_雲達科技股份有限公司,桃園市龜山區 文化二路211號1樓,面議,大學、碩士,不限,否,2026-02-06,2,Objectives -  This job role tends to work at [[[RPA]]] BD division responsible for [[[RPA]]] solution process building and Project,電腦軟體服務業,https://www.104.com.tw/job/6z530,https://www.104.com.tw/company/1a2x6bihks
RPA系統開發工程師,鴻佰科技股份有限公司,新北市土城區,面議,大學、碩士、博士,不限,否,2026-03-03,1,1.[[[RPA]]]產品(專案)的規劃、程式開發、現場POC測試與維運 2.[[[RPA]]]產品(專案)跨組織/部門/系統合作之溝通協調與整合 3.負責與工作相關的技術文檔編寫、技術培訓等工作 4.其他主管交辦事項,電腦及其週邊設備製造業,https://www.104.com.tw/job/890rl,https://www.104.com.tw/company/5z4kla0
【金融業】RPA 軟體工程師,華威數位財金科技股份有限公司,台北市內湖區 台北市,"45,000 ~ 80,000 元",專科、大學、碩士,不限,否,2026-02-23,1,【工作地點】 台北市內湖區 (金融產業因應資安問題，軟體開發需駐點於客戶端進行開發)  【技術條件】 熟悉流程自動化 [[[RPA]]] Uipath  【工作內容】 1. 與業務單位及廠商協作，進行需求分析與流程規劃，並撰寫規劃文件。 2. 依需求開發、測,電腦軟體服務業,https://www.104.com.tw/job/8da89,https://www.104.com.tw/company/cyq1kaw
(擴編) RPA開發工程師,台灣富士軟片資訊股份有限公司,台北市松山區 敦化北路88號7樓,"面議（底薪 38,000 起）",大學、碩士、博士,兼職,否,2026-01-30,2,無開發經驗可!! 歡迎新鮮人投遞履歷!!  [[[RPA]]]全名為Robotic Process Automation(自動化流程機器人)，意即透過自動化流程減去重複性高且繁雜的工作事項，降低人力與時間成本，是目前各大企業中大量使用的流程管理解決方案。台灣,電腦系統整合服務業,https://www.104.com.tw/job/8996d,https://www.104.com.tw/company/1mpl4c0
【數位金融部】RPA開發工程師,板信商業銀行股份有限公司,新北市板橋區 篤行路一段22號4樓,面議,大學、碩士、博士,兼職,否,2026-01-23,3, [[[RPA]]](自動化流程機器人) 流程開發與測試 2.流程系統管理 3.除錯、維運與效能調整 4.數位金融相關業務支援與執行  【應徵條件】 ●工作經歷： 具以下其中一項資格 1.具一年以上金融機構支付金流相關經驗。 2.具一年以上金融機構相關經驗 3.兩年,銀行業,https://www.104.com.tw/job/8xssi,https://www.104.com.tw/company/7e5vmyw
AI 流程機器人(RPA)及數位工具研發管理顧問(顧問~經理)-SRT-台北,DELOITTE CONSULTING BUSINESSES_勤業眾信管理顧問股份有限公司,台北市信義區 松仁路100號27樓,面議,大學、碩士,兼職,否,2026-02-25,3,1.協助客戶進行流程自動化可行性評估，並提供可能的改善建議 2.協助進行 Uipath [[[RPA]]]/AA 流程自動化腳本程式開發。 3.協助客戶應用新興數位科技([[[RPA]]]流程自動化機器人)進行營運改善改善、撰寫自動化提案及效益評估。 4.協助客戶流程機,工商顧問服務業,https://www.104.com.tw/job/8k4kb,https://www.104.com.tw/company/1a2x6bmker
軟體開發專員(RPA),億光電子工業股份有限公司,新北市樹林區 中華路6-8號,面議,大學、碩士,兼職,否,2026-03-02,1,1.負責[[[RPA]]]需求訪談、專案管理、流程開發、測試、上線 2.系統設計開發與技術文件製作、教育訓練 3.系統管理、維運與效能調整 4.配合主管交辦事項,光電產業,https://www.104.com.tw/job/8dtx8,https://www.104.com.tw/company/fuu0th4
RPA系統開發維護工程師,鴻海精密工業股份有限公司,新北市土城區,面議,大學、碩士、博士,兼職,否,2026-02-26,1,1.負責[[[RPA]]]機器人產品專案的管理、配置、實施工作，參與產品功能設計及開發； 2.負責完成[[[RPA]]]產品的現場POC測試工作，與客戶的溝通交流等； 3.完成與工作相關的技術文檔編寫、技術培訓等工作 4.主管交辦事項,消費性電子產品製造業,https://www.104.com.tw/job/88ufc,https://www.104.com.tw/company/233rv1s
【顧問服務部】顧問 （RPA自動化/Low Code網頁APP開發),先行智庫股份有限公司,台北市中正區 新生南路一段168-8號,面議,大學,不限,否,2026-02-24,2,圖，執行流程訪談、痛點分析與現況診斷，建立As-Is / To-Be流程模型，設計可落地的優化方案與推動路徑。  3. AI能力建構與組織賦能：協助企業導入標準化AI課程與數位轉型訓練體系，設計實務導向工作坊與應用實作訓練。  4. 具備[[[RPA]]]自動,工商顧問服務業,https://www.104.com.tw/job/7pxzx,https://www.104.com.tw/company/1a2x6bk5xm
數據工程師 - RPA流程自動化人員(IDS),宏燁資訊股份有限公司,台北市中正區 北平東路30號7樓,面議,專科、大學、碩士,不限,否,2026-03-02,3,1. [[[RPA]]]軟體流程自動化(UiPath / Automation Anywhere)需求訪談、流程規劃、流程開發與維護。 2. 設定軟體自動化流程、伺服器平台運用、流程開發。 3. 個性主動積極，具程式開發相關經驗佳。   4. 有良好的溝通與,電腦系統整合服務業,https://www.104.com.tw/job/874x5,https://www.104.com.tw/company/7f39r7c
AC-【日商零組件公司】 IT Operations 月薪48k~87k*16 (台北市中山區/日英中等/RPA相關經驗),新加坡商立可人事顧問有限公司台灣分公司,台北市中山區,"48,000 ~ 87,000 元",大學、碩士,不限,否,2026-03-03,0,主要職責  1.社內系統開發時與內部/外部業者接洽溝通，可繪制系統架構圖。 2. [[[RPA]]](Power Automater)雲、地端流程開發、維護與優化。 3. Power BI製作與管理。 4.社內自動化工具開發與維護。  【工作技能】 1) 具,人力仲介代徵,https://www.104.com.tw/job/8962y,https://www.104.com.tw/company/1a2x6bizrb
【AI人才招募中】AI RPA流程自動化工程師,漢通科技股份有限公司,台北市南港區 南港路一段209號,面議,大學、碩士、博士,兼職,否,2026-03-02,2,1.協助進行企業流程自動化開發，需求分析： 與各部門（業務、生管、行政等）訪談，分析作業痛點與邏輯，將口語需求轉化為可執行的自動化流程規格。 2.客製化程式開發： 運用 [[[RPA]]] 工具結合程式開發能力，針對特殊邏輯與介面需求，使用 C# (.NET,電腦及其週邊設備製造業,https://www.104.com.tw/job/8wwlf,https://www.104.com.tw/company/1a2x6blrho
RPA應用工程師(士林),Inventec_英業達股份有限公司,台北市士林區 後港街66號,面議,大學、碩士,兼職,否,2026-03-02,4,我們正在尋找對流程自動化有興趣的 [[[RPA]]]工程師，加入我們的團隊， 一起用 [[[RPA]]] 與 AI 解放大家的時間與想像力！主要的工作內容如下:  1. 與各部門合作導入流程自動化，優化作業流程、提升效率 2. 分析現有流程，設計並開發 [[[RPA]]] 機器人（,電腦及其週邊設備製造業,https://www.104.com.tw/job/8pr65,https://www.104.com.tw/company/1zh8g1c
【科技與轉型服務】RPA數位科技應用顧問-台北所/台中所/高雄所,DELOITTE CONSULTING BUSINESSES_勤業眾信管理顧問股份有限公司,台北市信義區 松仁路100號20樓,面議,大學、碩士,兼職,否,2026-02-25,1,1. 協助客戶進行企業流程自動化機會鑑別，並提供必要的企業流程再造 2. 協助客戶應用[[[RPA]]]機器人流程自動化進行數位轉型 3. 協助客戶結合AI與[[[RPA]]]，推動智能自動化,工商顧問服務業,https://www.104.com.tw/job/8w51b,https://www.104.com.tw/company/1a2x6bmker
數位服務中心-EMILY.RPA / SAP系統專員/助理專員-YC,業強科技股份有限公司,台北市南港區 三重路19-13號7樓,面議,國中以下、高中職、專科、大學、碩士、博士,兼職,否,2026-02-24,1,1. 改善各單位的作業流程簡化內部作業，協助提高使用者工作效率 2. EMILY.[[[RPA]]] / SAP ERP模組(FI/CO)維運與ABAP程式撰寫 3. 抗壓性高、EQ高、表達能力佳,其他電子零組件相關業,https://www.104.com.tw/job/8wdlx,https://www.104.com.tw/company/1303sgq8
【海外-Netherlands】Finance Process Automation Specialist_RPA,台達電子工業股份有限公司 _DELTA ELECTRONICS INC.,荷蘭 Hoofddorp(霍夫多普),面議,大學、碩士,兼職,否,2026-03-02,15, Robotic Process Automation (“[[[RPA]]]”) solutions for financial processes using relevant tools and technologies for the identified,其他電子零組件相關業,https://www.104.com.tw/job/87fo7,https://www.104.com.tw/company/fn5mtmo
RPA應用工程師(大溪),Inventec_英業達股份有限公司,桃園市大溪區 仁和路2段349號,面議,大學、碩士,兼職,否,2026-03-02,0,我們正在尋找對流程自動化有興趣的 [[[RPA]]]工程師，加入我們的團隊， 一起用 [[[RPA]]] 與 AI 解放大家的時間與想像力！主要的工作內容如下:  1. 與各部門合作導入流程自動化，優化作業流程、提升效率 2. 分析現有流程，設計並開發 [[[RPA]]] 機器人（,電腦及其週邊設備製造業,https://www.104.com.tw/job/8pk2v,https://www.104.com.tw/company/1zh8g1c
資訊工程師：RPA流程自動化與BI報表開發,英屬維京群島商禾寶醫療器材股份有限公司台灣分公司,台北市內湖區 內湖路一段68號2樓,面議,大學、碩士、博士,兼職,是,2026-03-02,8,1.使用視覺化的[[[RPA]]]與BI軟體，進行數據和資料的取得與整理，並負責報表開發與維運管理。 2.可良好溝通與使用者訪談，具分析與規劃的能力，能團隊協作也能獨立開發[[[RPA]]]自動化流程或BI商業報表。 3.負責 WMS 系統之管理、維護與日常營運支援 /,綜合商品批發代理業,https://www.104.com.tw/job/8vazf,https://www.104.com.tw/company/1a2x6bkz5g
【MIS】RPA開發工程師,泰詠電子股份有限公司,新竹市 香山區牛埔東路480號,面議,大學、碩士、博士,兼職,否,2026-03-02,5,您是否對溝通和流程優化充滿熱忱？對 [[[RPA]]]（機器人流程自動化）有著濃厚的興趣。無論您是否已有經驗，只要您有強烈的意願和學習精神，我們熱烈歡迎您的加入！  【基礎職務說明】 1. [[[RPA]]] (UiPath/Python) 專案管理：負責現有各項,消費性電子產品製造業,https://www.104.com.tw/job/846b1,https://www.104.com.tw/company/atx4fvs
BPM/RPA/AI軟體工程師(台北／台中),勤美股份有限公司,台北市大安區 仁愛路四段85號4樓,面議,專科、大學、碩士,不限,否,2026-02-25,2,1. 負責Easyflow GP BPM電子簽核系統訪談、設計、開發及維護。 2. 負責電子簽核系統之內部員工教育訓練及使用者問題排除。 3. 整合ERP、HRM應用系統，串接BPM系統。 4. 數位工具應用：Power Automate 與 N8N 自動化流程開發與維護，提升作業效率與降低人力成本。Power BI 報表設計與維運，提供即時、視覺化數據分析，輔助決策品質提升。 5. AI/LLM+RAG應用。 6. 主管交辦事項。,其他金屬相關製造業,https://www.104.com.tw/job/8dj0q,https://www.104.com.tw/company/1lgijiw
電子商務 RPA 軟體工程師 (engineer)  D01,山淬股份有限公司,台北市中正區 仁愛路2段1號8樓,"480,000 ~ 650,000 元",大學、碩士、博士,不限,否,2026-03-02,1,1.流程分析 2.[[[RPA]]]程式開發及單元測試 3.監控、維運[[[RPA]]]流程機器人系統  工作第一階段為[[[RPA]]]開發，後續依個人專長發展，以下為發展方向： 數據分析師：透過[[[RPA]]]與資料庫交互運用，建構智能化報表及數據分析。 軟體工程師：能編寫程式語言與,其他商品批發業,https://www.104.com.tw/job/8099g,https://www.104.com.tw/company/1a2x6bkqnz
業務管理師_14865,和碩集團_和碩聯合科技股份有限公司,台北市北投區 立功街96號,"30,000 ~ 51,000 元",大學,兼職,否,2026-03-02,6,. FCST 擺放及平準化邏輯 2. 內外部生產及出貨排程協調 3. 跨內外部(廠商or客戶)溝通料況及需求等相關事宜 4. 跨部門之會議、溝通及協調 5. 出貨之協調與安排,電腦及其週邊設備製造業,https://www.104.com.tw/job/8vng7,https://www.104.com.tw/company/d6gs5o8
MIS-Intelligent Application Developer (Taipei),遠東金士頓科技股份有限公司,台北市中正區,面議,大學、碩士,兼職,否,2026-02-26,3," stable endpoints for [[[RPA]]] bots and AI Agents. 3. Assist in deploying and integrating local AI models (e.g., Ollama) and develop",電腦及其週邊設備製造業,https://www.104.com.tw/job/8yowt,https://www.104.com.tw/company/12noq5o0
MIS-Intelligent Application Developer (Hsinchu),遠東金士頓科技股份有限公司,新竹市,面議,大學、碩士,兼職,否,2026-02-26,2," stable endpoints for [[[RPA]]] bots and AI Agents. 3. Assist in deploying and integrating local AI models (e.g., Ollama) and develop",電腦及其週邊設備製造業,https://www.104.com.tw/job/8yow5,https://www.104.com.tw/company/12noq5o0
軟體開發工程師【BenQ資訊技術服務中心】,明基電通股份有限公司,台北市內湖區 基湖路16號,面議,大學、碩士、博士,兼職,否,2026-02-23,6,1. [[[RPA]]]自動化流程開發: 公司內部[[[RPA]]]自動化流程開發與工具推廣 2. 應用系統開發/建置: 大型語言模型LLM平台與手機應用程式開發 3. 系統分析與設計: 用戶需求訪談、系統架構與規格設計 4. 系統維運及管理: 系統運行之監控與管理、系,消費性電子產品製造業,https://www.104.com.tw/job/789l3,https://www.104.com.tw/company/whlrnm8
【總部專案】AI 數位轉型專案人員*,55688集團_台灣大車隊股份有限公司,台北市中山區 濱江街136號,面議,專科、大學、碩士、博士,兼職,否,2026-03-03,6,【我們正在尋找｜AI 數位轉型專案人員】 加入我們，把 AI 技術真正導入日常工作流程，創造實質改變！ 我們是一支致力於企業 AI 應用與流程自動化的小組，成員來自工程、資料、[[[RPA]]] 等技術領域，已在公司內部實作多項 AI 轉型專案。 現在，我們,網際網路相關業,https://www.104.com.tw/job/8sqn4,https://www.104.com.tw/company/cr8bru0
【顧問服務部】顧問 （BI商業智慧與數據應用）,先行智庫股份有限公司,台北市中正區 新生南路一段168-8號,面議,大學,全職,否,2026-02-24,7,▌團隊介紹   ▎這份工作主要在做什麼? 1. 協助客戶導入 Microsoft Power BI 商業智慧分析解決方案 2. 提供客戶進階資料分析的諮詢與顧問指導，包含報表之需求訪談、資料清理、報表開發、上線測試與使用者訓練。 3. 規劃並執行 BI 或 Excel VBA/Copilot企業內訓課程及公開班教學。 4. 有機會可以參與最新生成式AI 及機器學習（ML）高階數據分析技術機會。 5. 參與資料庫架構實作，提升資料處理效率與可靠性。 6. 協助先行智庫「數位轉型」產品持續優化，使其更契合實際業務需求與使用情境。 7. 完成主管交辦之其他專案或任務，確保團隊與公司目標達成。  ▎先行智庫專屬顧問工具 1. 微軟Power BI與M365全系列 2. 最新Microsoft Copilot、Google、AI Agent、NVIDIA工具  ▎加分職務項目 1.  具備ERP或BI報表訪談開發經驗 2.  熟悉生成式AI工具如Microsoft Copilot、ChatGPT Codex、Claude、GitHub Copilot 、Google Colaboratory等  ▎【Coffee Chat 實體活動】先行智庫顧問職涯分享會 https://www.accupass.com/event/2602090945051999029360  ▎這份工作你可以學到什麼? 1. 透過多元專案歷練，累積頂尖顧問公司實戰常用的工具與方法（Tool Kits），這些跨場域的經驗將成為你可攜帶、可複製的職涯資產。每一年，你都將在全新挑戰中解鎖潛能，深化分析與顧問技能。 2. 與台灣領先企業的高階主管並肩合作，參與推動數位轉型與商業創新專案，深入第一線見證產業升級的真實進程。在先行智庫快速迭代的工作環境中，你將體驗不同角色、視角與專業挑戰，加速個人成長曲線。 3. 除了專精於數據分析專案，你將進一步學習國際級流程改善方法論與前沿AI工具應用。公司提供內部免費學習平台，涵蓋數據分析、商業簡報、業務開發等多元課程，協助你系統性打造跨域實力。 4. 我們與科技業、金融業、服務業與傳產製造等產業龍頭企業建立長期合作關係。透過密集專案參與，你將在短時間內深入不同產業營運模式，累積高濃度的跨界經驗與產業敏銳度。 5.  協助客戶進行先行智庫標準課程教育訓練  ▎獎金制度  ◎ 績效獎金：每半年計算 ◎ 任務獎金：每年計算  ▎面試方式 1. 請先預先準備一份自我介紹用PPT，內容可以包含你過往經驗可與這份職務連結相關專案等經驗。 2. 你想了更多的專案相關的資訊，歡迎到先行智庫官網網站了解更多的資訊與內容，在面試的時候，可以多提一些關於你想知道的問題，因為這份工作，有大量的機會需要與客戶做訪談，所以提問與資料整合的技巧，也是這份工作相當重視的一個部分。我這邊也會事先準備我會問題的問題讓面試者提早做準備。  ▎這份工作建議具備的人格特質 1.  問題分析與解決的能力 2. 專案管理的能力，具團隊合作精神 3. 喜歡學習新的數位工具 4. 不排斥上台向公眾講話  如果你想對先行智庫有更多的了解從企業文化、工作價值觀、服務項目或福利制度等，歡迎可到「公司介紹」頁面瀏覽，如果看到這邊，你也想加入我們，歡迎投遞履歷，並簡單說明你想應徵的原因。,工商顧問服務業,https://www.104.com.tw/job/8lo78,https://www.104.com.tw/company/1a2x6bk5xm
品牌電商營運專員  (電商代營運 / OMO eCommerce / 電子商務),友星有限公司,新北市蘆洲區,"40,000 ~ 50,000 元",國中以下、高中職、專科、大學、碩士、博士,全職,是,2026-03-03,40,感謝你對我們的職缺感興趣！  友星有限公司，深耕電商領域已逾十年，並於2022年成功轉型為領先的電商整合服務平台！我們不僅專精於品牌經營、倉儲物流，更致力於數據整合與跨境通路拓展，致力於為品牌客戶提供一站式的電商解決方案。面對後疫情時代線上購物已成主流，國際品牌、流行服飾、運動用品的電商銷售迎來前所未有的機遇。  作為「EC 平台營運專員」，您將是品牌在各大電商通路上的靈魂人物，不僅負責平台營運與活動規劃，更將透過精準的數據分析，引導品牌達成卓越的業績目標。  在友星，您不是孤軍奮戰，我們有堅實的營運夥伴共同協作，更有完整的教育訓練、標準作業流程（SOP）以及強大的電商系統支援，助您迅速上手，穩定成長，充分發揮專業。  有興趣的話，歡迎先看看我們的職務敘述:  【工作特質】 • 溝通協調與執行力：能夠與內外部夥伴順暢溝通，並具備優異的專案執行與協調整合能力。 • 抗壓性與調節力：這不會是一份輕鬆的工作，這是一份有挑戰有成就感並且讓你累積能力的工作，面對挑戰時團隊成員都能互相幫忙扛壓力，解決問題。 • 電商熱情與行動力：對電商產業、國際運動品牌及流行服飾品牌充滿熱情，樂於迎接挑戰並採取積極行動。 • 數據洞察與分析能力：具備數字敏銳度，能從數據中發現問題，並提出優化方案。 • 細心與責任感：工作細緻，對細節有高度要求，並能獨立負責。 • 團隊合作精神：樂於分享與學習，能與團隊夥伴共同達成目標。  【職務需求】 - 管理 EC 平台經營與產品： • 負責至少３個以上品牌運營。 • 與各電商平台窗口（如 MD/PM）對接溝通，維繫良好合作關係。 • 負責商品上架、素材規劃、文案維護及資料統整，確保平台商品資訊完整度與準確性。 • 協助平台後台活動設定及新品設定與維護。 • 爭取曝光資源安排，並進行預算編列及控管。  - 行銷活動運營與執行： • 參與年度及月份行銷活動提案、規劃與執行，並每月執行電商平台活動入稿、提品資料統整。 • 監控活動成效，落實預算與資源管理。 • 在活動結束後與團隊進行成效覆盤，並提出優化建議。  - 營運數據分析與優化： • 定期彙整並分析負責通路的營運數據及洞察（例如：流量、客單、轉換率、營收、TA/會員等）。 • 根據分析結果進行營運策略優化，提升銷售業績。  【加分項目】 • 具備 MOMO、YAHOO、PChome、Shopee等主流 EC 平台操作經驗者。 • 具備電商或數位廣告經驗 2 年以上者優先考慮。 • 具備獨立完成行銷活動規劃與執行能力。 • 具備良好協調整合、談判及維繫合作夥伴關係的能力。 • 熟悉 Excel 樞紐分析、Vlookup 等數據處理工具。 • 具備 Meta、Google 廣告投放能力者。 • 具備 SEO 優化、GA 數據分析能力者。  【加入友星，您將獲得】 • 參與高速成長的電商產業，主導國際品牌在各大通路的營運策略。 • 公司提供完善的教育訓練與強大的系統支援，助您快速成為電商專業人士。 • 與充滿活力的營運夥伴一同成長，享受團隊協作的樂趣。 • 優渥的薪資待遇與各項獎金機會。 • 持續進修研究電商相關知識的機會。  如果您對電商充滿熱情，渴望在專業領域持續精進並挑戰高業績目標，歡迎您投遞履歷，成為友星有限公司的營運核心，一同在電商藍海中航行，成就卓越！期待與您相見！,鞋類／布類／服飾品零售業,https://www.104.com.tw/job/75tuu,https://www.104.com.tw/company/1a2x6bknkl
專案企劃人員(國際金融結算業管部)_I00024512,國泰綜合證券股份有限公司,台北市大安區 敦化南路二段218號3樓,面議,大學、碩士、博士,兼職,否,2026-03-02,5,部門溝通需求 4.撰寫 [[[RPA]]] 或 Power Automate 的自動化需求規格，並推動導入 5.協助專案管理與跨部門協調，確保專案順利落地 6.教育並賦能團隊使用新工具與流程，提升部門數位素養 7.追蹤流程優化成效，提出量化數據並持續迭代改善 ,證券及期貨業,https://www.104.com.tw/job/8uuyt,https://www.104.com.tw/company/cifpbp4
AI/RPA 專案管理師 (士林/大溪),Inventec_英業達股份有限公司,台北市士林區 後港街66號,面議,大學、碩士、博士,兼職,是,2026-03-02,28,負責協助執行「提案治理流程」，涵蓋 AI／[[[RPA]]]／流程自動化等多類型專案。你將跨部門與 BU/CU/BG/GM 等利害關係人協作，確保提案從提交、審查、ROI 評估到落地執行皆有明確的流程、時程與成果追蹤，一起推動企業 AI 轉型  1. 協助執,電腦及其週邊設備製造業,https://www.104.com.tw/job/8wdij,https://www.104.com.tw/company/1zh8g1c
RPA自動化軟體工程師-3DW283,敦新科技股份有限公司,台北市中山區 民生東路三段49號9樓,面議,大學、碩士,不限,否,2026-02-27,1,1. 協助客戶進行企業流程自動化機會鑑別，並提供必要的企業流程再造 2. 協助客戶應用[[[RPA]]]機器人流程自動化進行數位轉型 3. 協助客戶結合AI與[[[RPA]]]，推動智能自動化   敦新科技為精誠(6214)集團旗下的子公司。集團重視人員專業領域的持續成,電腦系統整合服務業,https://www.104.com.tw/job/8bo00,https://www.104.com.tw/company/5snb99k
數位服務中心-EMILY.RPA / SAP系統專員/助理專員-MB,美邦開發建設有限公司,台北市南港區 三重路19-13號7樓,面議,國中以下、高中職、專科、大學、碩士、博士,不限,否,2026-02-26,0,1. 改善各單位的作業流程簡化內部作業，協助提高使用者工作效率 2. EMILY.[[[RPA]]] / SAP ERP模組(FI/CO)維運與ABAP程式撰寫 3. 抗壓性高、EQ高、表達能力佳,不動產經營業,https://www.104.com.tw/job/8wdm1,https://www.104.com.tw/company/1a2x6bjx81
【總公司】⾃動化⼯程師(人工智慧部),嘉里大榮物流股份有限公司,台北市中正區 新生南路1段50號14樓,面議,大學、碩士、博士,兼職,否,2026-02-25,5,景轉化為可執⾏之AI / [[[RPA]]] / ⾃動化應⽤⽅案，並負責規劃、設計與推動落地。 3. 跨部⾨協作與技術整合： 對內推動AI / [[[RPA]]] / ⾃動化⼯具應⽤與數位轉型⽂化；對外與 SI 供應商及技術夥伴密切合作，確保外部解決⽅案順利導⼊並符合實際,汽車貨運業,https://www.104.com.tw/job/8y650,https://www.104.com.tw/company/nfpc8rk
團膳高級管理師 (桃園)_14861,和碩集團_和碩聯合科技股份有限公司,桃園市龜山區 桃園市龜山區興業街5號/6號/山鶯路356號,"34,000 ~ 60,000 元",專科、大學、碩士,兼職,否,2026-03-02,3,1. 年度伙食、販賣機、商店廠商survey及稽核 2. 日常餐廳供膳管理/稽核/菜單審核 3. 客戶/ISO內外稽核/法規鑑別 4. 日常POS機維護/異常排除/同仁發票處理 5. 員工伙食意見確認/回饋 6. 各類假日餐數統籌 7. 伙食廠商輔導與教育訓練協辦 8. 每月伙食費結算/請款/租金收入作業 9. 其他主管交辦事宜,電腦及其週邊設備製造業,https://www.104.com.tw/job/8vowx,https://www.104.com.tw/company/d6gs5o8
流程自動化管理師,瑞儀光電股份有限公司,高雄市前鎮區 加工出口區中六路1號,面議,大學、碩士,兼職,否,2026-03-01,2,"1.協助財務部門建構DashBoard平台 2.建立或管理財務雲端數據庫(語意模型及報表) 3.維護或開發[[[RPA]]]需求 4.維護財務相關系統""",光電產業,https://www.104.com.tw/job/8wyxa,https://www.104.com.tw/company/a5ihl8g
資訊工程師,成機工業股份有限公司,高雄市仁武區 竹楠路47號,"33,000 ~ 47,000 元",大學、碩士、博士,不限,否,2026-02-25,4,"1.CRM、ERP、MES、APS系統的導入/訓練/維護/監督。 2.設計、開發和實施[[[RPA]]]解決方案將重複性流程自動化。 3.程式編程技能 (具C#, Python , Java ,VBA 相關等語言能力者優先錄取。) 4.公司相關主機、網路設備",金屬加工用機械製造修配業,https://www.104.com.tw/job/81wc2,https://www.104.com.tw/company/z4wxa60
AI 自動化流程工程師,紅球攝影有限公司,台北市松山區 八德路三段186號之1,面議,國中以下、高中職、專科、大學、碩士、博士,不限,否,2026-02-11,6,具備基本 API 串接或資料整合概念  【加分技能】 1.使用過 n8n、Zapier、Make 任一平台經驗 2.熟悉[[[RPA]]] 流程設計工具（如 Power Automate） 3.有設計流程圖、撰寫 SOP 或管理工作手冊的經驗 4.具備資料串接,廣告行銷公關業,https://www.104.com.tw/job/8qdnv,https://www.104.com.tw/company/1a2x6bjgft
(Consulting) Business Consultant - Application Automation,IBM_台灣國際商業機器股份有限公司,台北市信義區 松仁路7號3樓,面議,大學、碩士、博士,兼職,否,2026-02-26,7," security controls (ISO 27001 or equivalent).  *  Guide adoption of Agile, DevOps, [[[RPA]]], and automation practices,",電腦系統整合服務業,https://www.104.com.tw/job/8yq3x,https://www.104.com.tw/company/5h3lyhs
【海外派駐】經營分析管理資深專員,台達電子工業股份有限公司 _DELTA ELECTRONICS INC.,其他亞洲,面議,大學、碩士、博士,兼職,否,2026-03-02,9,優化、 新交易流程設計….等 5.	平日工作中會使用Robotic Process Automation([[[RPA]]]) : Uipath / Power BI / VBA….等工具  ※在工廠/Sales office or 事業部端 進行訓練，之後派,其他電子零組件相關業,https://www.104.com.tw/job/7j9dl,https://www.104.com.tw/company/fn5mtmo
IT部軟體工程師,台灣三住股份有限公司,台北市中山區 松江路223號15樓,"50,000 ~ 80,000 元",大學、碩士、博士,不限,否,2026-03-02,10,1.社內系統開發時與內部/外部業者接洽溝通，可繪制系統架構圖。 2. [[[RPA]]](Power Automater)雲、地端流程開發、維護與優化。 3. Power BI製作與管理。 4.社內自動化工具開發與維護。 ,其他電子零組件相關業,https://www.104.com.tw/job/8xsyj,https://www.104.com.tw/company/ao3zm2o
SAP ERP工程師/資深工程師,揚明光學股份有限公司_YoungOptics Inc.,新竹市 科學園區新安路7號,面議,專科、大學、碩士,兼職,否,2026-03-02,5,1.SAP 5大模組之一的糸統維運 (S/4 Hana) 2.UiPath [[[RPA]]] 系統維運,光學器材製造業,https://www.104.com.tw/job/8cfyu,https://www.104.com.tw/company/5votqa0
【神基集團-神基控股】內部稽核專案經理/專員,漢通科技股份有限公司,台北市南港區 南港路一段209號A棟5樓,面議,大學、碩士、博士,兼職,否,2026-03-02,4,期望與獲利目標，以當責角度扮演諮詢顧問角色，主動跨部門溝通協調，對高風險領域提供專業管理建議 (5.2)運用減法概念協助組織對組織、簽核流程、SOP進行營運體檢，以改善管理流程發揮營運成效 (5.3)規劃具實質效益的[[[RPA]]]系統，降低重複性高且資料量,電腦及其週邊設備製造業,https://www.104.com.tw/job/7eb28,https://www.104.com.tw/company/1a2x6blrho
IE工程師 (桃園)_14946,和碩集團_和碩聯合科技股份有限公司,桃園市龜山區 桃園市龜山區興業街5號/6號/山鶯路356號,"34,000 ~ 60,000 元",大學,兼職,否,2026-03-02,3,工廠成本分析及費用改善專案執行、生產管理及效率報表E化、工時及成本計算、生產製程layout規劃、報價及製費分析,電腦及其週邊設備製造業,https://www.104.com.tw/job/8w98k,https://www.104.com.tw/company/d6gs5o8
IT_ERP高級工程師,宜鼎國際股份有限公司,新北市汐止區 大同路一段237號5樓,面議,專科、大學、碩士,兼職,否,2026-03-02,2,Costco，中午或下班採買日用品超方便，使您的工作和生活更加平衡。  【工作內容】 1.負責既有系統之日常維運、問題排除與功能優化，確保系統穩定性與效能。 2.依業務與使用單位需求，進行系統客製化開發與跨系統資料整合。 3.規劃與開發 [[[RPA]]] 自動,電腦及其週邊設備製造業,https://www.104.com.tw/job/8xjl1,https://www.104.com.tw/company/cnvy3hk
AI 數位轉型實習生,鑄立科技股份有限公司,台北市中山區 復興北路164號12樓之1,"30,000 ~ 30,000 元",專科、大學、碩士,不限,否,2026-03-03,0,掌握AI+[[[RPA]]]數位轉型技術！我們不只提供實習，更在尋找未來的技術夥伴。透過系統化的**「導師師徒制」**，你將深度掌握 UiPath [[[RPA]]] 與 AI +[[[RPA]]] 等實際應用。 實習為起跑點。透過專案實作完成技術內化，通過考核後，你將成為正職夥伴,電腦軟體服務業,https://www.104.com.tw/job/8yup0,https://www.104.com.tw/company/1a2x6blylu
總部_電子化學營業處 業務助理,臺灣永光化學工業股份有限公司,台北市大安區 敦化南路二段77號6樓(總公司),"面議（底薪 38,000 起）",大學、碩士,兼職,否,2026-03-02,4,1. 處理內外銷訂單相關作業 2. 協助業務人員處理銷售業務相關之行政作業。 3. 製作銷售相關報表。 4. 主管交辦事項及行政庶務。 5. 會議&教育訓練安排。,化學原料製造業,https://www.104.com.tw/job/8wobr,https://www.104.com.tw/company/73nkc7s
電子交易維運人員(資訊部資訊維運組),華南永昌綜合證券股份有限公司,台北市松山區 民生東路四段54號,面議,大學、碩士、博士,不限,否,2026-02-26,4,"1.數據治理/數據中台之維運窗口 2.電子郵件行銷系統,洗錢系統,[[[RPA]]] (備援) ",證券及期貨業,https://www.104.com.tw/job/8yor1,https://www.104.com.tw/company/ajn9wkw
【科技與轉型服務】企業轉型與數位科技應用顧問-台北所/台北所/高雄所,DELOITTE CONSULTING BUSINESSES_勤業眾信管理顧問股份有限公司,台北市信義區 松仁路100號20樓,面議,大學、碩士,兼職,否,2026-02-25,9,1.	協助客戶應用新興數位科技(如[[[RPA]]]流程自動化機器人、大數據)進行營運改善改善 2.	協助客戶進行數位策略諮詢、數位相關資訊系統之評估、診斷、評選與改善 3.	協助客戶進行應用系統及數位科技導入專案管理及專案監理 4.	協助客戶進行企業流程評,工商顧問服務業,https://www.104.com.tw/job/8w4gk,https://www.104.com.tw/company/1a2x6bmker
會計人員,東森購物_電視購物_東森得易購股份有限公司,新北市中和區 景平路188號4樓,面議,大學、碩士、博士,兼職,否,2026-02-23,2,1. 審核有關各項費用支付之發栗、單據及帳務處理。 2. 審核廠商貨款或費用等應付款項帳務。 3. 審核客戶應收款項帳務。 4. 其他一般會計帳務。 5. 營業稅、營所稅等各項稅務作業。 6. 收入認列及成本結轉作業。 7. 编制帳務相關報表。 8. 具商場/健診帳務處理經驗尤佳。  ※ 本職務目前工作地點為中和，預計於2026年第四季搬遷至林口總部(鄰近捷運林口A9站)，屆時將整合更多資源，打造更優質的工作環境。 ※ 歡迎對工作充滿熱情、樂於迎接新環境與挑戰的您加入我們，一同成長、共創佳績！  ,百貨相關業,https://www.104.com.tw/job/8ul0d,https://www.104.com.tw/company/abdz5yx
台積電駐廠儀控課助理工程師-龍潭科技園區,河叡五金有限公司,桃園市龍潭區 龍科,"面議（底薪 34,500 起）",專科、大學,不限,否,2026-02-26,5,1.資料庫、報表彙總 2.行政文書處理 3.會議報告內容追蹤整理 4.例行工程內容資料整理更新 5.現場巡檢 6.主管交辦事項  ※因在台積電廠內工作，故無法帶3C產品或可置入資料的產品進廠(EX:智慧型手機、隨身碟、APPLE WATCH或小米手環等),空調水機電工程業,https://www.104.com.tw/job/8h057,https://www.104.com.tw/company/1a2x6bn3nt
軟體工程師-竹北/新莊,力致科技股份有限公司,新竹縣竹北市 新泰路31號2樓,面議,大學、碩士,不限,否,2026-03-03,5,1.Oracle 資料庫管理與效能優化（含備份機制、SQL 調校、安全性控管） 2.ERP 系統規劃與跨平台整合（Tiptop系統與流程設計） 3.AI 技術導入與流程自動化（含 [[[RPA]]]、模型部署、資料整合）,電腦及其週邊設備製造業,https://www.104.com.tw/job/7hms2,https://www.104.com.tw/company/7h0uen4
【高年級】課程營運專員（高年級課程平台）,104人力銀行_一零四資訊科技股份有限公司,新北市新店區 寶中路119號3樓(231),"40,000 ~ 50,000 元",專科、大學、碩士,兼職,否,2026-03-02,0,「高年級平台」是104集團的旗艦計畫，透過AI技術連結多元社群，致力於打造尊重、信任、共榮的生態圈。我們的願景是成為高年級學習的國民品牌，幫助中高齡族群重新定義工作、生活與學習，找到新的價值與方向。  1.平台開課老師經營管理：老師上架管理及開課老師申請審核、經營，協助老師系統操作及開課及課程品質管理，創造優質平台內容。 2.平台專案規劃、執行、專案進度管理。 3.高年級會員服務：協助平台會員系統操作、訂單等相關問題，打造優質的學習體驗。 4.平台課程相關課務執行作業，如：課程影片剪輯(初階)、課程上架、數據報表製作、請款…等。,網際網路相關業,https://www.104.com.tw/job/8qmt1,https://www.104.com.tw/company/12v3o7uw
Digital Transformation Manager (HR),貿聯國際股份有限公司,新北市中和區 建一路186號3樓,面議,大學、碩士、博士,兼職,否,2026-02-25,4," Process Automation ([[[RPA]]]), AI/Machine Learning (AI/ML), cloud-based platforms, and advanced data analytics. * Technology",其他電子零組件相關業,https://www.104.com.tw/job/8t5r8,https://www.104.com.tw/company/18jym5s8
IT_B2B/Java Web軟體開發工程師,采鈺科技股份有限公司,新竹市 篤行一路12號,面議,大學、碩士,兼職,否,2026-02-06,7,【請優先至采鈺人才招募網站應徵】 https://talent.viseratech.com/Jobs  1. B2B系統開發 2. Java Web應用系統開發 3. [[[RPA]]]平台維護與管理 4. 年度專案執行與管理及系統日常維運,半導體製造業,https://www.104.com.tw/job/8rfpf,https://www.104.com.tw/company/110ztpg8
台積電駐廠儀控課助理工程師-龍潭科技園區,河筧工程有限公司,桃園市龍潭區 龍科,"面議（底薪 34,500 起）",專科、大學,不限,否,2026-03-01,3,1.資料庫、報表彙總 2.行政文書處理 3.會議報告內容追蹤整理 4.例行工程內容資料整理更新 5.現場巡檢 6.主管交辦事項  ※因在台積電廠內工作，故無法帶3C產品或可置入資料的產品進廠(EX:智慧型手機、隨身碟、APPLE WATCH或小米手環等)  ,空調水機電工程業,https://www.104.com.tw/job/8dviu,https://www.104.com.tw/company/cx87c2g
RPA工程師,數辰創藝科技股份有限公司,台北市松山區 敦化南路一段2號14樓,"800,000 ~ 960,000 元",國中以下、高中職、專科、大學、碩士、博士,不限,否,2026-02-04,0,"作為 [[[RPA]]] 工程師， 您將負責： 設計、開發並維護企業內外部流程自動化方案 ([[[RPA]]] / iPaaS / API 串接)。 與 AI 模組 (ChatGPT、TeamSync AI Agents、LLM) 整合，打造智慧化工作流程。 分",電腦軟體服務業,https://www.104.com.tw/job/8u5i7,https://www.104.com.tw/company/1a2x6bms0j
AI解決方案工程師,亞東預拌混凝土股份有限公司,新北市汐止區,面議,大學,兼職,否,2026-02-27,3,1.負責規劃、執行與追蹤AI/數位轉型專案時程與成果。 2.進行企業流程盤點、評估AI導入機會。(例[[[RPA]]]、自動化、LLM、機器學習) 3.協助選擇、評估AI相關技術與服務(Azure/OpenAI/GCP/第三方工具) 4.與工程師、資料科學家,建築工程業,https://www.104.com.tw/job/8w42z,https://www.104.com.tw/company/xtwaw1s
"知名上市櫃電腦產業-財務部經理(職場友善, 彈性上下班文化) D04",精英人力資源股份有限公司,台北市內湖區 面談通知,"1,200,000 ~ 1,400,000 元",大學、碩士,兼職,否,2026-02-26,5,金融關係： 維護銀行關係與國際金融合作，執行高效資金調度。 風險管控： 透過應收帳款承購及 L/C 議付機制，強化收現能力並轉移信用風險。 避險策略： 操作美金短期融資達成自然避險，優化外幣資產負債結構。 數位財務： 評估並導入 AI 與 [[[RPA]]],人力仲介代徵,https://www.104.com.tw/job/8ypyb,https://www.104.com.tw/company/1a2x6bj0h2
業務專員/高級業務專員（智慧AI客服/解決方案服務） (Senior) Business Specialist,北祥科技服務股份有限公司,台北市內湖區 文湖街18號2樓,"45,000 ~ 55,000 元",大學、碩士、博士,兼職,否,2026-02-24,10,端服務、企業解決方案等）。 2. 曾參與智慧客服、[[[RPA]]]、大數據分析等產品推廣經驗尤佳。 3. 具良好的簡報與提案能力，能獨立完成客戶簡報或產品介紹。  【職涯發展】 - 可依個人意願往「解決方案顧問」或「資深業務經理」等方向發展； - 接觸橫跨金,電腦系統整合服務業,https://www.104.com.tw/job/8e7oq,https://www.104.com.tw/company/9mb0ddc
D176 營運企劃管理人員(可部分遠端工作),台灣大哥大股份有限公司,台北市大安區,"36,000 ~ 47,000 元",國中以下、高中職、專科、大學、碩士、博士,兼職,是,2026-03-02,5,"1.維修中心經營績效管理：預算編列與損益控管、維修中心獎佣金、維修人力、加班費規劃控管等 2.維修中心營運專案規劃 3.對應手機原廠制定競賽獎勵等績效提升計畫 4.內/外部稽核(ISMS資安資產清冊及工作職掌定期檢視)  【薪資待遇】月薪依能力與經歷核敘約36,000~47,000元，若績效達平均水準者，年薪約64~84萬，績效優者年薪將更高。",電信相關業,https://www.104.com.tw/job/7aslp,https://www.104.com.tw/company/18n48ptc
資訊經理,50嵐(中區)海外品牌_台灣星豆有限公司,越南 胡志明市一郡,面議,大學,兼職,否,2026-02-07,7,1. 規劃公司整體資訊策略與發展方向，確保 IT 系統支援營運與成長需求。 2. 建置與維護資訊系統（包含: ERP(TIPTOP)、POS、CRM、BI、API系統等），以提升營運效能。 3. 協助門市及公司建立及監督監控系統，以提升環境安全管控。 4. 公司資訊安全與資料保護，建立資安政策與應變機制，強化帳號管理流程，防範資安風險。 5. 領導資訊團隊進行系統開發、網路架構管理、伺服器與雲端服務維運，並進行進行調校與架構優化。 6. 協助推動數位轉型專案（例: 行動應用、電子平台等）。 7. 制定部門預算，進行供應商管理與成本效益分析。 8. 跨部門合作，協助各部門資訊化需求，特別是針對部門協助設計 API 串接與流程自動化需求。 9. 追蹤新興科技趨勢（AI、自動化服務等），提出建議及改善計畫等。 10. 第一線使用者(特別是門市)設備緊急Trouble shooting。 ,飲料店業,https://www.104.com.tw/job/8w2kq,https://www.104.com.tw/company/1a2x6bmbm1
資訊儲備主管 (MIS / 系統整合 / AI應用),台科電科技股份有限公司,台南市安南區 工明南一路26號,面議,大學,不限,否,2026-02-13,4,1. 負責公司資訊系統 (MIS) 日常維運與管理 (網路、伺服器、帳號權限、資安、備份) 2. 規劃與整合企業系統 (EIP、ERP、簽核流程、資料庫、報表系統) 3. 協助導入 AI 工具與 AI Agent (如 ChatGPT、Copilot)，提升內部作業自動化與效率 4. 規劃企業流程數位化、系統化、智慧化 (表單、簽核、報表、異常告警) 5. 參與公司資訊架構與數位轉型專案，培養為未來資訊部門主管 6. 主管交辦事項,電力機械器材製造修配業,https://www.104.com.tw/job/8xqgx,https://www.104.com.tw/company/60j9ozc
Software Engineer,廣達集團_雲達科技股份有限公司,桃園市龜山區 文化二路211號1樓,面議,大學、碩士,不限,否,2026-02-06,15," •	Implement and maintain [[[RPA]]] solutions or build custom automation services. •	Integrate enterprise systems (CRM/ERP/Agile),",電腦軟體服務業,https://www.104.com.tw/job/8wqkc,https://www.104.com.tw/company/1a2x6bihks
【獎金優渥】会計--日系化學原料製造商--TW04048-039-826,"保聖那管理顧問股份有限公司(Pasona Taiwan Co., Ltd.)",桃園市中壢區,"30,000 ~ 40,000 元",專科、大學、碩士、博士,兼職,否,2026-02-24,1,1. 統一發票開立及會計業務。 2. 成本計算、財務及稅務相關業務處理。 3. 業務行政及進出口相關事務。 4. 協助推進管理部業務電子化及效率化活動。 5. 依據經驗決定工作內容。,人力仲介代徵,https://www.104.com.tw/job/8xlnz,https://www.104.com.tw/company/1a2x6biz5w
專案(產品)經理,鑄立科技股份有限公司,台北市中山區 復興北路164號12樓之1,"面議（底薪 70,000 起）",大學、碩士、博士,不限,否,2025-09-09,3,企業資源管理(ERP)與作業流程自動化([[[RPA]]])是上市/櫃公司在推動企業「數位轉型」不可或缺的解決方案，基於鑄立已累積的成功案例及台商回流所帶動的激增需求，希望能找到有經驗的資訊行業菁英與我們一同打拼，共創佳績！   1.協同團隊，收集客戶需求，,電腦軟體服務業,https://www.104.com.tw/job/7nylf,https://www.104.com.tw/company/1a2x6blylu
【科技與轉型服務】企業轉型與數位科技應用顧問-台中所,DELOITTE CONSULTING BUSINESSES_勤業眾信管理顧問股份有限公司,台中市西屯區 惠中路一段88號22樓,面議,大學、碩士,兼職,否,2026-02-25,13,1.	協助客戶應用新興數位科技(如[[[RPA]]]流程自動化機器人、大數據)進行營運改善改善 2.	協助客戶進行數位策略諮詢、數位相關資訊系統之評估、診斷、評選與改善 3.	協助客戶進行應用系統及數位科技導入專案管理及專案監理 4.	協助客戶進行企業流程評,工商顧問服務業,https://www.104.com.tw/job/8w4jh,https://www.104.com.tw/company/1a2x6bmker
【派駐聯發科/新竹S】採購管理師,就業情報資訊股份有限公司,新竹市 公道五路辦公室,"40,000 ~ 50,000 元",大學,不限,否,2026-03-02,0,職位簡介： 我們正在尋找一位專業且注重細節的採購合約人員，加入我們的團隊，合約期至少一年。理想人選需具備電子零組件採購的豐富經驗，負責推動成本管理、主導談判並支持品類管理相關工作。此職位需要積極主動、能夠適應變化並致力於在充滿挑戰的環境中交付成果的專業人士。   •	主要職責： o	成本管理與分析 o	識別並評估特定品類的節省/收益機會。 o	推動品類節省/收益，達成績效指標目標。 o	向內部相關人員提供市場情報及品類價格趨勢。 o	精確設計並追蹤專案與計畫，以預測結果。 •	談判 o	跨品類協作，確保談判策略一致。 o	主導或參與供應商談判。 o	主導採購活動及RFQ流程，包括整合式談判。 o	為所負責品類的供應商制定合約策略，負責合約條款的擬定、談判、監控與執行。 •	品類管理 o	應用品類管理知識，優化採購流程。 o	支持RFX（詢價、提案、報價）流程。 o	維護良好的供應商關係，確保遵循公司政策。  •	加入我們的理由： o	有機會在充滿活力與創新的環境中工作。 o	與跨部門團隊及業界領先專業人士合作。 o	對成本管理及採購策略產生重大影響。 ,人力仲介代徵,https://www.104.com.tw/job/8vu5c,https://www.104.com.tw/company/1a2x6bl1rs
龍潭廠-人資人員,禾伸堂企業股份有限公司,桃園市龍潭區 烏林村工五路90巷61號,"32,000 ~ 42,000 元",大學、碩士,兼職,否,2026-02-26,6,1.協助越南移工員工關係及問題處理 2.中越文日常溝通與文件翻譯 3.協助人資招募、行政作業 4.參與人資流程優化、HR系統建置或[[[RPA]]]自動化報表建置及執行 5.RBA相關文件及稽核作業 6.其他主管交辦事項,其他電子零組件相關業,https://www.104.com.tw/job/8y5v4,https://www.104.com.tw/company/9li5mb4
1-C2 資管部_SAP軟體工程師(工作地點：台北辦公室),饗賓餐旅事業股份有限公司,台北市大安區 新生南路一段111號9樓,"50,000 ~ 60,000 元",專科、大學、碩士、博士,兼職,否,2026-01-29,4,【工作內容】 1、SAP模組功能日常維運(使用者操作問題排除及維護)。 2、SAP相關程式開發及維護(例如報表、跨系統整合等)。 3、使用者需求確認，流程分析與SAP模組設定。 4. [[[RPA]]]流程自動化開發導入。  Facebook饗賓招募粉絲頁：,餐館業,https://www.104.com.tw/job/8ozop,https://www.104.com.tw/company/10qbb4w0
數位轉型發展中心【解決方案業務Solution Sales】,零壹科技股份有限公司_Zero One Tech,台北市內湖區 內湖路一段360巷8號10樓,面議,大學、碩士、博士,兼職,否,2026-03-02,3,1. 負責BI、[[[RPA]]]兩個國際知名軟體產品線之數位轉型解決方案銷售 2. 工作內容涵蓋中型客戶經營與陌生客戶開發 3. 負責跨產業之客戶經營，協同原廠與合作伙伴共同發展銷售計畫，取得客戶訂單,電腦系統整合服務業,https://www.104.com.tw/job/79peo,https://www.104.com.tw/company/e7ef0go
"企業AI專案經理（Business Project Manager, BPM）",樂達創意科技股份有限公司,桃園市中壢區 青峰路一段47號6樓,"45,000 ~ 75,000 元",大學,不限,是,2026-03-02,4,1.所屬部門：業務與專案整合部（BPM部門） 2.客戶需求訪談與導入潛在專案挖掘 3.協助完成專案開案作業、撰寫專案定義書與效益評估 4.擔任專案窗口，整合 BD、TPM、FAE 及 RD 部門資源 5.與客戶協商排程、進度與驗收條件 6.負責結案與成效追蹤、後續新案機會開發 7.協助導入知識管理系統，輸出專案模板、案例知識 ,電腦軟體服務業,https://www.104.com.tw/job/8phvs,https://www.104.com.tw/company/1a2x6bmqt8
總公司【數位金融部】數位專案/產品經理 (PM),元大人壽保險股份有限公司(總公司),台北市松山區 民生東路三段156號,面議,大學、碩士、博士,兼職,否,2026-03-03,6,科技(例如: AI/大數據/[[[RPA]]]…等工具)導入，以提升作業效率、使用者體驗，創造新的數位服務 ,人身保險業,https://www.104.com.tw/job/7mcey,https://www.104.com.tw/company/10wiapy0
1-C2 資管部_SAP軟體工程師(工作地點：集團總部),饗賓餐旅事業股份有限公司,桃園市大園區 五青路150巷12號,"50,000 ~ 60,000 元",專科、大學、碩士、博士,兼職,否,2026-01-29,1,【工作內容】 1、SAP模組功能日常維運(使用者操作問題排除及維護)。 2、SAP相關程式開發及維護(例如報表、跨系統整合等)。 3、使用者需求確認，流程分析與SAP模組設定。 4. [[[RPA]]]流程自動化開發導入。  Facebook饗賓招募粉絲頁：,餐館業,https://www.104.com.tw/job/8ozph,https://www.104.com.tw/company/10qbb4w0
【擴編徵才】ERP資訊工程師 (工作地:竹北或台中),利機企業股份有限公司,新竹縣竹北市 新竹縣竹北市台元街20號2F之2A,面議,大學、碩士、博士,不限,否,2026-01-16,1,操作、正規化、SQL 語法。 7. 熟悉AI技術應用於[[[RPA]]]或OA使用，對於AI技術有開發興趣者佳。,其他半導體相關業,https://www.104.com.tw/job/8po0i,https://www.104.com.tw/company/12r36c40
經代行政部-行政人員,第一金人壽保險股份有限公司,台北市信義區 信義路四段456號13樓,面議,大學、碩士,兼職,否,2026-03-03,2,1.數據分析 2.報告製作 3.提供作業系統化工具 4.主管交辦工作,人身保險業,https://www.104.com.tw/job/8xzrt,https://www.104.com.tw/company/d24og9c
RPA工程師,關貿網路股份有限公司,台北市南港區 三重路19之13號6樓,面議,專科、大學、碩士、博士,兼職,否,2026-02-13,0,1.負責[[[RPA]]]專案系統之設計開發與技術文件製作 2.負責專案系統之設計開發與技術文件製作 3.系統建置及維護相關工作,電腦系統整合服務業,https://www.104.com.tw/job/7tiyl,https://www.104.com.tw/company/18mw4ku8
會計理級儲備幹部,東森購物_電視購物_東森得易購股份有限公司,新北市中和區 景平路188號4樓,面議,大學、碩士、博士,兼職,否,2026-02-23,1,主要負責東森及其子公司等相關工作： 1. 編制事業體之每月管理報表，並針對異常項目進行分析性覆核。 2. 協助執行編制事業體財務預算及滾動式財務分析管理暨財務模型。 3. 覆核事業體相關會計帳務傳票與憑證核實。 4. 解決與協調部門及跨部門間之問題及溝通。 5. 協助運營團隊執行決議事項及各項專案財會項目之推動。 6. 針對新稅務及各項法令之風險有效控管。 7. 其他主管交辦事項。  ※ 本職務目前工作地點為中和，預計於2026年第四季搬遷至林口總部(鄰近捷運林口A9站)，屆時將整合更多資源，打造更優質的工作環境。 ※ 歡迎對工作充滿熱情、樂於迎接新環境與挑戰的您加入我們，一同成長、共創佳績！  ,百貨相關業,https://www.104.com.tw/job/8ul40,https://www.104.com.tw/company/abdz5yx
【總公司】資訊部-系統工程師,築間餐飲事業股份有限公司,台中市西屯區 台灣大道三段789號,"41,200 ~ 57,600 元",專科、大學,兼職,否,2026-03-02,8,1. 應用[[[RPA]]]科技取代高重複性與低效率的工作。 2. 開發[[[RPA]]] akaBOT流程機器人，進行流程自動化，流程規劃、開發與維護。 3. 進行[[[RPA]]] akaBOT運行測試，解決流程部屬過程中的技術問題。 4. 鼎新BPM電子表單維護及開發。 5.,餐館業,https://www.104.com.tw/job/8f80d,https://www.104.com.tw/company/1a2x6bmb6t
PCG250214-會計_財會智能資深管理師(台中),寶成工業股份有限公司,台中市西屯區,面議,大學,兼職,否,2026-03-02,5,"1.推動財務數位轉型及作業流程改善。 2.專案推動管理，從需求收集、設計、測試、上線到維護。 3.溝通協調、問題解決與衝突管理，管理跨部⾨與外部顧問的合作關係。",鞋類製造業,https://www.104.com.tw/job/8wkyj,https://www.104.com.tw/company/qyz0sc1
人才發展資深專員(新竹),日商_建興儲存科技股份有限公司,新竹市 東區篤行路8號(新竹園區分公司),面議,大學、碩士,兼職,否,2026-03-02,8,1. 規劃設計與執行實體課程、線上課程、專題講座 2. 協助數位工具如AI應用等的學習及推展 3. 管理自主學習資源平台管理，並設計推展活動，促進企業學習氛圍 4. elearning平台及訓練系統運營與管理 5. 管理提案改善平台月會及參與各品質系統運作 6. 執行其他主管交辦事項或專案,資料儲存媒體製造及複製業,https://www.104.com.tw/job/8yjs9,https://www.104.com.tw/company/1a2x6bl2dc
RPA Development Engineer,香港商捷比達有限公司台灣分公司,台北市中正區 重慶南路二段51號10樓,面議,大學、碩士、博士,兼職,否,2026-02-13,0,"Job Overview: We are seeking a talented and experienced [[[RPA]]] engineer to join our team. The ideal candidate will design,",其他商品批發業,https://www.104.com.tw/job/8kqrw,https://www.104.com.tw/company/db8ak80
C#程式設計師【資訊處】,邁達特數位股份有限公司,台北市內湖區 內湖路一段516號10樓,面議,大學、碩士、博士,不限,否,2026-03-03,6,一、系統開發維護 　 • 網頁系統開發 　 • 報表/排程開發 　 • API串接 二、[[[RPA]]]系統開發維護 　 • Uipath 維護開發 三、其他 　 • 新技術研究 　 • 主管交辦工作事項,電腦軟體服務業,https://www.104.com.tw/job/3ypev,https://www.104.com.tw/company/7jpa44g
數位工程師【隱形眼鏡】,明基材料股份有限公司,桃園市龜山區 建國東路29號,面議,大學、碩士,兼職,否,2026-03-03,0,訊系統需求。 6.使用 Python、Power BI 或 [[[RPA]]] 等工具進行資料處理與分析。 7.推動流程自動化與跨系統資料串接。,光電產業,https://www.104.com.tw/job/8yu9r,https://www.104.com.tw/company/7lpb6fk
D03-數位流程優化專員(PM)_旅遊科技部_數位轉型組,雄獅資訊科技股份有限公司,台北市內湖區 石潭路151號,面議,大學、碩士、博士,兼職,否,2026-01-29,4,1. 營運流程盤點與改善提案 ．針對部門流程與重複性作業進行盤點與痛點分析 ．評估並導入自動化技術（如 [[[RPA]]]、NoCode / LowCode）提升效率 ．製作流程圖，協助優化與導入執行 2. 跨部門溝通與協作推動 ．與營運端深入訪談，提出具體,電腦軟體服務業,https://www.104.com.tw/job/8pthw,https://www.104.com.tw/company/13kq7dpk
系統管理資深工程師@新竹,乾坤科技股份有限公司_台達電子集團,新竹市 研發二路2號,面議,大學、碩士,兼職,否,2026-03-02,5,"1. 系統與機房日常系統管理點檢作業。 2. Windows/Linux伺服器建至、維運、管理及操作問題解決。 3. Zabbix 監控與相關系統服務效能的維護與管理。 4. Storage (Netapp, HPE) 及備份(commvault)資源效能規劃、管理、維運改善，熟悉與配合進行災害復原演練作業。 5. 符合ISO 27001:2022標準制定、維護與改善標準化作業程序與流程。 6. 系統管理相關專案(包含跨IT 單位或跨Site)溝通協調、規劃與執行。 7. AD、郵件(exchange)、mail archive、FTP... etc架構規劃、管理、改善與強化。 8. 主管交辦任務。 9. 跨Function團隊(職代). (ex. Network team)",被動電子元件製造業,https://www.104.com.tw/job/8rb9v,https://www.104.com.tw/company/a5ho6lc
會計資深正管理師/儲備幹部,鈺創科技股份有限公司,新竹市 科技五路6號,面議,大學、碩士、博士,兼職,否,2026-03-02,1,1.上櫃公司相關費用、總帳帳務處理。 2.規劃並編製每月財務報表與分析。 3.會計師查核財稅簽配合相關事宜。 4.協助完成各項專案之執行及交辦事項 。 5.以數位化工具進行分析及流程效率提升。,IC設計相關業,https://www.104.com.tw/job/8v8fv,https://www.104.com.tw/company/a5hl50w
AI / BI 自動化工程師,競泰股份有限公司,新北市中和區 建一路93巷2號3樓,面議,大學,兼職,否,2026-03-02,2,"我們正在尋找一位具備數據敏感度與自動化思維的工程師。您將負責建構企業級的 BI 報表系統，並利用 AI 低代碼工具與自動化平台（n8n/Power Automate/OpenClaw）串聯業務流程，將數據轉化為自動化的決策行動。  【主要職責】  1. 自動化流程開發：利用 n8n 或 Power Automate 設計、建構與維護跨系統的自動化工作流（Workflows），實現業務自動化。 2. 數據分析與視覺化：進行數據清洗（Power Query）及建模，並使用 Power BI 或 Tableau 開發視覺化報表，提供直觀的業務洞察。 3. AI 應用落地： 結合 LLM（如 OpenAI, Claude, 或開源模型）開發 AI Agent，並利用工具進行作業自動化與數據採集。 4. 系統整合： 負責各類 SaaS 工具、資料庫（SQL/NoSQL）與內部系統的 API 串接與數據同步。 5. 流程優化： 診斷現有手動流程的痛點，提出 AI+BI 的優化方案並實施。  【技術要求 - 必備條件】 1.BI 核心： 熟悉Power BI 或Tableau。 2.自動化工具： 熟練使用 n8n 或 Power Automate 其中至少一項，具備處理 Webhook、API 驗證與錯誤處理的經驗。",消費性電子產品製造業,https://www.104.com.tw/job/8xhfm,https://www.104.com.tw/company/e65tmhc
資訊室主管,陸海股份有限公司,新北市汐止區 大同路二段171之1號12樓,"50,000 ~ 59,999 元",專科、大學、碩士、博士,不限,否,2026-02-23,5,合。 資訊安全防護體系（包含防火牆、端點防禦、備援機制與權限控管），定期執行資安稽核與災難復原演練。 4.行政管理與資產規劃： 預算編列，軟硬體採購、設備汰換與資訊資產生命週期規劃。 5.技術導入與創新： AI 應用、[[[RPA]]] 流程自動化,貨運承攬業,https://www.104.com.tw/job/8xh8u,https://www.104.com.tw/company/29hi3g0
【近捷運南京復興站】資訊工程師,振大環球股份有限公司,台北市松山區 復興北路73號,面議,大學,不限,否,2026-02-13,3,【職務內容】: 1. 負責 ERP 系統日常操作、資料維護及使用者支援 2. 協助 ERP 作業流程優化與相關報表資料處理 3. 使用SQL (MSSQL)進行資料查詢與基本分析 4. 運用Power Automate ([[[RPA]]])協助流程自動化建,紡織成衣業,https://www.104.com.tw/job/8xigu,https://www.104.com.tw/company/13igcmdk
E64 數據網路(IP網路)維運工程師,台灣大哥大股份有限公司,台北市內湖區,面議,國中以下、高中職、專科、大學、碩士、博士,兼職,否,2026-03-02,1,1.行動網路4G/5G MME/AMF信令規劃、設計、分析、追蹤及改善 2.行動網路Gi/Gn網路及漫遊網設計及規劃 3.固定網路ISP各項協定 4.固定網路Router/RADIUS/Cache DNS/DHCP/Cache Farm網路設計及規劃 5.DDoS防攻擊及Open Cache設計  【薪資待遇】月薪依能力與經歷核敘；若績效達平均水準者，年薪約77~95萬，績效優者年薪將更高。,電信相關業,https://www.104.com.tw/job/8vn95,https://www.104.com.tw/company/18n48ptc
人力資源數位轉型技術主任_汐止_07492-3,緯創資通股份有限公司,新北市汐止區 新台五路一段88號,面議,碩士、博士,兼職,否,2026-03-03,2,1. 規劃與執行數位化人資專案，確保符合公司策略目標 2. 分析現有流程，提出並實施適合的數位優化方案 3. 與跨部門溝通，了解需求並提供可行的數位解決方案 4. 掌控數位轉型專案進度，確保如期完成並符合預期效果 5. 提供數位化方案/產品的教育訓練，提升使用者對數位工具的運用能力,電腦及其週邊設備製造業,https://www.104.com.tw/job/8yik4,https://www.104.com.tw/company/5wthkkw
資訊軟體業務-3DW283,敦新科技股份有限公司,台北市中山區 民生東路三段49號9樓,面議,大學、碩士,不限,否,2026-02-24,2,工作內容：  1. [[[RPA]]]、企業流程開發軟體為主的解決方案銷售 2. 開發發經銷商通路擴展商機與定期拜訪客戶 3. 經營維繫經銷商通路，拓展市場，以達成業績目標 4. 負責業務接洽及報價，掌握出貨狀況，並追蹤產品交期  5. 負責溝通技術部門之協,電腦系統整合服務業,https://www.104.com.tw/job/7xlg2,https://www.104.com.tw/company/5snb99k
[集團] 後端工程師/專員(新竹),AVIS艾維士租車_安維斯汽車租賃股份有限公司,新竹縣竹北市 中華路340-15號2F,面議,專科、大學、碩士、博士,兼職,否,2026-03-02,3,如果您渴望有發展的舞台，更寬廣的視野，喜歡與人溝通，擅長跨部門合作，非常歡迎您加入我們！我們重視創新、合作與持續學習的文化。  1. 負責後端功能、API開發與維護、效能優化 2. 後端系統分析、設計以及程式撰寫 3. 與團隊成員協同合作，最佳化資料傳遞與資料處理 4. 協助團隊專案開發並配合專案執行的時間完成 5. 維護既有資料庫(MSSQL)，Python、PHP及.Net MVC程式碼並優化 6. 後臺開發與維護,運輸工具設備租賃業,https://www.104.com.tw/job/8kxt9,https://www.104.com.tw/company/1a2x6bie8y
●AI應用整合工程師 AI Integration Engineer● AI技術應用工程師●AI專案專員●【年薪不設限】★薪30K-55K+降低成本的1%★►季獎金►外縣市供宿●IT資訊專員●,騏宏科技股份有限公司,台南市永康區 中正北路699巷2號,面議,專科、大學,兼職,否,2026-02-27,6,"我們的特色 ✔來這裡上班，你絕對可以體會到團隊的熱情以及對新人的體諒。 對於每一位新進員工，我們都會秉持稻盛精神，大家族主義。  我們的工作，上班時間雖然忙碌，但是為了能夠讓團隊向前進，也為了能讓第二天的工作可以順利開始，在下班前的幾個小時就會開始調度人手，協助工作較吃重的同事。 相信在上班的時間內你也會很樂意幫助同事，幫助團隊，每次下班前看到各位同事彼此協助，和樂融融打成一片的畫面心情都會覺得特別滿足。  ✔我們是一個快樂的團隊，歡迎您加入我們。 來到這裡學到什麼或是要做什麼，我們都會一同成長一起完成。   職務內容： 1.跨部門流程盤點與改善 •走訪資材、業務、研發、生產、品管等部門，盤點重複/低效作業 •將流程拆解、標準化並建立 SOP（含表單、範本、輸入輸出格式） 1.1各部門AI規劃 •規劃公司AI系統通一架構,快速複製延展至各部門AI應用與統一維護 •各部門AI應用架構、分類、標籤、版本控管、權限規劃 2.AI 工具導入與落地（以效率提升為目標） •依任務選用合適模型/工具（釘釘AI(通義)、ChatGPT、Claude、Gemini 等） •產出可用的提示詞模板、工作指引、品質檢核規則（避免胡亂生成） 3.企業知識庫(釘釘文檔知識庫)整理與AI串聯（NotebookLM / 內部文件治理） •整合制定部門知識庫架構、分類、標籤、版本控管、權限規劃 •讓內部資料查詢更方便、可引用、可追溯，提升新人上手與跨部門協作效率 4.自動化工作流與系統串接 •API 串接、Webhook、自動化流程設計（資料彙整、報表、通知、追蹤） •能使用 Python 或 No-code 工具（MCP/SKLLS/n8n/Make/Zapier） •串聯搭配系統:CITRIX/釘釘/保全/人臉辨識/監控系統/機台/鼎新ERP/MCU PIC崁入系統/IOS/Android系統 5.建立監控與回報機制：錯誤提醒、紀錄、重跑、權限管理 •市場/競品情報自動化（加分項） •使用 Perplexity 等工具建立定期產業快報與關鍵字監控 6.公司系統維護／操作 7.主管交辦事項 8.需接受公司企業文化，京瓷哲學教育訓練。  【我們提供】 •高自由度導入環境：可測試最新 AI 技術，只要有效就支持上線 •跨部門視角與影響力：直接參與公司流程與數位轉型核心 •可量化成果舞台：每個專案可用阿米巴時間價值證明  注意事項: 1.相關科系或相關證照,錄取相關職能儲備人員為基本條件 2.如跨科系,將須增加接受基礎訓練 #無經驗可 #活力企業 #新鮮人首選  ✔優點： 茶水間滿滿的各種茶點，源源不決。 保健食品隨時補上，您的健康，公司守護。 健身設施，不用怕胖，只怕你鐵腿。 KTV！高歌一首不被限制！隨時讓你嘶吼飆高音~ 久坐讓你腰酸背痛，下半身開始失控嗎？ 電動升降桌是辦公室人員必備物件，隨時站一下辦公，擺脫蘿蔔跟酪梨身材！ 全員配備雙螢幕，加速工作效能！  ✖缺點： 開會時真的很像提槍上陣殺敵，玻璃心易碎千萬謹慎評估 工作步調超快！跟不上你會被甩到千里之外 地板古溜像在滑冰場，如果你是急驚風，很容易摔的四腳朝天 中午休息沒有電風扇，只有冷氣讓你偶爾冒汗  ✔除了薪資會獲得些什麼？ ★季獎金/年終獎金/三節禮金/提案改善獎金 (各類獎金發放依公司公告辦理) 一整群夥伴，隨時陪你一起成長 強大的公司後盾支援  #WorkatTWL  #可年後報到 ",汽車及其零件製造業,https://www.104.com.tw/job/7igyk,https://www.104.com.tw/company/odofhrk
客戶成功經理,艾魁爾科技股份有限公司,台北市中正區 忠孝東路二段31號4樓,面議,專科、大學、碩士、博士,不限,是,2026-02-24,5, - 參與社交媒體行銷（例如 LINE 官方帳號、Facebook），推廣 FIRST LINE 的品牌。  3. 自動化與數據應用：  - 使用 [[[RPA]]] 為客戶設計自動化流程（例如將訊息同步到 CRM），簡化他們的客服運營。 - 運用 BI 製作,其它軟體及網路相關業,https://www.104.com.tw/job/8p80s,https://www.104.com.tw/company/1a2x6bkpqq
【2026 長期/學期 實習計畫】IT工程師,文曄集團_文曄科技股份有限公司,新北市中和區 中正路738號14樓(遠東世紀廣場科學園區),面議（底薪 215 起）,大學、碩士,兼職,否,2026-03-02,11, SAP 系統工程師 ◆ [[[RPA]]] 開發工程師  我們將依據你的背景專長及興趣分配組別，文曄提供良好的訓練環境，同學可以藉此機會學習到業界最新技術與架構設計，並參與業界相關資訊主題專案  ※ 表現良好者，可轉為長期實習並獲得文曄預先聘用喲!  歡迎資,其他半導體相關業,https://www.104.com.tw/job/8ox3h,https://www.104.com.tw/company/12tgftnk
數位服務中心-助理專員-YC,業強科技股份有限公司,台北市南港區 三重路19-13號7樓,面議,國中以下、高中職、專科、大學、碩士、博士,兼職,否,2026-02-25,1,1. 改善各單位的作業流程簡化內部作業，協助提高使用者工作效率 2.學習EMILY.[[[RPA]]]系統及運用 (公司提供教育訓練) 3. 抗壓性高、EQ高、表達能力佳,其他電子零組件相關業,https://www.104.com.tw/job/8x3dm,https://www.104.com.tw/company/1303sgq8
AI應用業務管理師,立偉電子股份有限公司,"台北市南港區 經貿二路135號 9F, 11F ( F棟 )","面議（底薪 45,000 起）",大學、碩士、博士,不限,否,2026-02-28,4,"互動式商業儀表板 ，將複雜數據轉化為可視化指標，輔助數據驅動決策。  3.具備 [[[RPA]]] , Power Automated , N8N 使用規劃經驗尤佳.",其他醫療保健服務業,https://www.104.com.tw/job/8wlaz,https://www.104.com.tw/company/1a2x6biita
D01-自動化工程師(AE)_旅遊科技部_技術研發組,雄獅資訊科技股份有限公司,台北市內湖區 石潭路151號,面議,大學、碩士、博士,兼職,否,2026-01-29,2,1. [[[RPA]]]流程自動化需求訪談、分析、設計、開發 2. 針對網站結構變動維護與修正現有[[[RPA]]]流程 3. 研究反爬蟲技術並設計規避策略 4. 產出專案文件（如操作手冊、維運手冊、工作說明書） 5. 協助客戶熟悉自動化平台操作，提供教育訓練與技術支援,電腦軟體服務業,https://www.104.com.tw/job/8pth3,https://www.104.com.tw/company/13kq7dpk
【台北】Python 軟體工程師(AI規劃、開發及應用),宏益科技服務股份有限公司,台北市內湖區,面議,大學、碩士、博士,不限,否,2026-03-02,2,"需求技術:  (一)具備UI操作介面自動化經驗(類[[[RPA]]]技術, 仿[[[RPA]]]技術) 1. 熟悉python 相關UI操作套件(如 playwright網頁自動化工具, 或其他網路常用套件) 2. 了解HTML與DOM的結構, 要能夠解析DOM 3.",電腦軟體服務業,https://www.104.com.tw/job/8y1tj,https://www.104.com.tw/company/1a2x6blz6b
2500：資訊AI工程師/資訊AI高級工程師,耀登科技股份有限公司,桃園市八德區 和平路772巷19號,面議,大學,不限,否,2026-02-25,1,負責AI/[[[RPA]]]專案 1. AI相關需求訪談、解決方案規劃、程式開發與維護Copilot Stodio/Azure AI)。 2. 熟Visual Studio C#(MVC/Razor Pages等不限)。 3. [[[RPA]]](UiPath/,通訊機械器材相關業,https://www.104.com.tw/job/8x516,https://www.104.com.tw/company/atv7sfk
【科技與轉型服務】數位轉型服務-營運流程轉型顧問,DELOITTE CONSULTING BUSINESSES_勤業眾信管理顧問股份有限公司,台北市信義區 松仁路100號20樓,面議,大學、碩士,兼職,否,2026-02-25,3,1. 運用新興科技及策略思考協助客戶進行營運轉型及流程改善 2. 協助客戶商業分析、評估設計最適化營運模式，並制定改善優化方案 3. 協助客戶進行營運資料分析與商業價值洞察 4. 管理責任：非管理職，無需負擔管理責任，除非職級所需,工商顧問服務業,https://www.104.com.tw/job/8wack,https://www.104.com.tw/company/1a2x6bmker
MIS開發工程師,德鴻科技股份有限公司,台北市大同區 重慶北路二段243號13樓,"40,000 ~ 50,000 元",大學、碩士,不限,否,2026-02-24,1,"此職務主要開發MIS系統之客製化,包括公司自有低代碼開發平台之客製化開發、TipTop表單開發(4GL語言)以及MIS相關自動化工具([[[RPA]]])開發,具有低代碼開發經驗與程式開發經驗(C#或Python等語言皆可)為佳。",電腦軟體服務業,https://www.104.com.tw/job/8u7qv,https://www.104.com.tw/company/13wojfg0
AI 工程師,維度行銷設計有限公司,桃園市中壢區 南園二路296巷10號3樓,面議,國中以下、高中職、專科、大學、碩士,不限,是,2026-02-11,6,具備基本 API 串接或資料整合概念  【加分技能】 1.使用過 n8n、Zapier、Make 任一平台經驗 2.熟悉[[[RPA]]] 流程設計工具（如 Power Automate） 3.有設計流程圖、撰寫 SOP 或管理工作手冊的經驗 4.具備資料串接,廣告行銷公關業,https://www.104.com.tw/job/8te15,https://www.104.com.tw/company/1a2x6bni32
遠端數位團隊-數位轉型與 AI 系統整合架構師,紅山開發工程有限公司,高雄市仁武區 八德二路95巷11號,面議,專科、大學、碩士、博士,不限,是,2026-02-10,3,人資、會計、客服、進銷存），規劃並執行高效的 API 對接或數據整合方案。 AI 賦能工作流：靈活運用 AI 工具（如 LLM、[[[RPA]]] 或客製化機器學習模型）優化現有流程，例如：自動化客服回覆、進銷存需求預測、或會計帳務自動對齊。 流程自動化 (,建物裝修及裝潢業,https://www.104.com.tw/job/8yaef,https://www.104.com.tw/company/14zyxojk
電腦稽核人員,富邦金融控股股份有限公司,台北市中山區,面議,大學、碩士,兼職,否,2026-03-02,6,重要職責/工作內容： 1. 規劃與推動稽核數位化專案，負責系統需求分析、專案進度控管及驗收作業。 2. 評估開放系統技術架構，協同資訊單位制定技術規格，確保系統設計符合稽核作業需求。 3. 盤點並優化現行稽核流程，提出數位化與流程轉型方案，以提升查核效率與準確性。 4. 執行資訊作業及資訊安全相關查核，並辦理其他主管交辦事項。,金融控股業,https://www.104.com.tw/job/8yi2o,https://www.104.com.tw/company/1jt9s7c
RPA程式人員,儒鴻企業股份有限公司,新北市新莊區 中央路738號 (近捷運新莊副都心站),面議,大學、碩士,兼職,否,2026-03-02,0,"1. 流程分析 2. [[[RPA]]]流程設計, 開發與部署 3. 文件撰寫與流程紀錄",紡織成衣業,https://www.104.com.tw/job/8jmwy,https://www.104.com.tw/company/ghgox7c
數位轉型發展中心【產品經理】,零壹科技股份有限公司_Zero One Tech,台北市內湖區 內湖路一段360巷8號10樓,面議,專科、大學、碩士、博士,兼職,否,2026-03-02,5,"負責國際知名的數位轉型軟體品牌之產品經營與管理（Tableau BI , [[[RPA]]] , Salesforce CRM , Martech and CDP、AI Agent、Text to SQL 之AI 產品導入），工作主要為下列內容：  ● 國外",電腦系統整合服務業,https://www.104.com.tw/job/8wzry,https://www.104.com.tw/company/e7ef0go
【營運企劃】內部稽核人員(電腦稽核),富邦人壽保險股份有限公司(總公司),台北市松山區 敦化南路一段108號,面議,大學、碩士,兼職,否,2026-03-02,4,1.辦理電腦系統、應用系統、資訊安全及網路安全管理等稽核作業。 2.參與稽核業務數位化業務，如：建置及維運稽核作業管理系統、電腦稽核軟體Arbutus資料治理作業、[[[RPA]]]稽核作業自動化及RBIA相關系統建置及維護等。 3.評估資訊、資安部門各項作,人身保險業,https://www.104.com.tw/job/891g9,https://www.104.com.tw/company/ctztka0
會計專員,薪宇科技股份有限公司,新竹縣竹北市 環北路一段269巷100號,面議,專科、大學、碩士、博士,不限,否,2026-03-03,0,1. 執行普通會計事務（審核發票及單據／費用估算與分攤／公司總帳、年度財務分析與結帳等）。 2. 執行成本會計相關作業（成本分析報表／各部門產品成本費用分析與優化／資產盤點等）。 3. 處理稅務及股務作業（投資抵減／會計師事務所年度申報聯繫／變更登記與股權申報等）。 4. 處理財務相關作業（台幣與外幣資金預估／財務調度與撥款／經濟部中小企業加速投資方案管理與回報等）。 5. 其他主管交辦事項及專案執行。,半導體製造業,https://www.104.com.tw/job/7usou,https://www.104.com.tw/company/5ut9ji0
《組織與人才發展處》區域營運人資顧問HRPB【台北/台中/南部】,雀客國際酒店股份有限公司,台北市中山區 南京東路二段206號,面議,大學、碩士,不限,否,2026-02-26,0,本職務為集團-協助運營單位人力資源專業職位，為總部HR。將負責協助各館推動前端營運 HR相關作業，包括培育各區館長招募推行與成效評估、員工關懷、出缺勤管理與教育訓練及各項HR專案推行，並作為總部HR與各據點間業務橋梁。具體工作內容包括：  【 招募與人力媒合支援】 - 協助各館進行招募流程導入（職缺訪談、刊登、篩選、安排面試） - 提升各館主管面試技巧，並提供招募策略與建議 - 協同總部推動年度招募計畫及大型徵才活動  【基層員工關懷與留任追蹤】 - 線上或定期至現場訪談員工，進行關懷與適應評估 - 蒐集員工建議與需求，提供改善建議予管理階層 - 建立新人留任資料庫，協助人力穩定率追蹤  【出缺勤制度與教育訓練執行協助】 - 協助落實出缺勤管理制度推行 - 與培訓中心協作，彙整教育訓練需求，安排內部培訓與人員報名 - 協助新進同仁報到及新人訓練流程  【人資政策與專案佈達與協行】  * 工作地點依分配至北、中、東、南 - 作為HR-CoE、SSC相關政策與專案前端推手,旅館業,https://www.104.com.tw/job/8sjp0,https://www.104.com.tw/company/1a2x6bid5t
台灣大哥大集團-品質管理檢核專員,台灣客服科技股份有限公司,新北市三重區 重新路五段609巷2號,"35,000 ~ 45,000 元",國中以下、高中職、專科、大學、碩士、博士,不限,是,2026-03-03,6,1.執行服務品質檢核與製作改善分析報告 2.機關客訴處理結案時效追蹤與改善 3.關鍵服務流程設計與優化專案管理 4.研發服務應對與銷售品質檢核模組 ,其他電信及通訊相關業,https://www.104.com.tw/job/88lrs,https://www.104.com.tw/company/wj2hm08
數位服務中心-助理專員-MB,美邦開發建設有限公司,台北市南港區 三重路19-13號7樓,面議,國中以下、高中職、專科、大學、碩士、博士,不限,否,2026-02-26,0,1. 改善各單位的作業流程簡化內部作業，協助提高使用者工作效率 2.學習EMILY.[[[RPA]]]系統及運用 (公司提供教育訓練) 3. 抗壓性高、EQ高、表達能力佳,不動產經營業,https://www.104.com.tw/job/8x311,https://www.104.com.tw/company/1a2x6bjx81
【作業板塊】營運作業整合規劃人員(營企)_I00012779,國泰世華商業銀行股份有限公司,台北市信義區,面議,大學、碩士、博士,兼職,否,2026-02-11,2,1. 跨作業整合性專案規劃與推動，研擬作業精進方案，執行流程/系統/組織設計及開發進度管理。 2. 作業發展趨勢與競品研究分析，研擬海內外營運作業發展策略與行動計劃。 ,銀行業,https://www.104.com.tw/job/87ey5,https://www.104.com.tw/company/1xzkino
【財務投資】財會分析人員,富邦人壽保險股份有限公司(總公司),台北市信義區 松高路77號,面議,大學、碩士,兼職,否,2026-03-02,5,等外部機構財務資訊並協調評等事務。 5.作業流程優化與專案執行: 運用AI及[[[RPA]]]工具優化作業流程，提高效率與品質。,人身保險業,https://www.104.com.tw/job/8qsbv,https://www.104.com.tw/company/ctztka0
(資訊類)-資訊工程師-重電事業部,大同股份有限公司,桃園市大園區,"35,000 ~ 42,000 元",大學,兼職,否,2026-02-23,1, SPC等資訊系統導入或AI應用專案(主動搜尋需求/系統功能測試/系統導入後續維運異常通報等…)。 (5)    ASP.NET程式設計(VB/C#)/[[[RPA]]](UiPath)程式設計開發與維運。  (6)    協助單位行政作業及跨部門溝通協調與團隊合,電力機械器材製造修配業,https://www.104.com.tw/job/8ui2i,https://www.104.com.tw/company/52cwahd
企業管理顧問,彩翔科技股份有限公司,台北市士林區 後港街98號7樓,面議,大學、碩士,不限,否,2026-02-26,3,1. 協助客戶制定轉型策略與管理藍圖：包含組織架構治理（Governance）。 2. 協助進行營運診斷與管理問題盤點，強化企業體質，進行企業管理內部控制制度設計、流     程優化/改造，以符合公開發行以上公司之法令法規之要求。 3. 協助識別 AI/GenAI 對經營管理的應用機會：例如決策支援、知識管理、客戶服務、供應     鏈/採購、財務與風險管理等情境。 4. 協助推動轉型落地與變革管理：包含制度與作業流程診斷調整、培訓規劃與導入後成效追     蹤。 5. 協助彙整產業最佳實務與案例研究：建立可複用的方法論與管理案例庫，支援提案與專案     交付。,電腦軟體服務業,https://www.104.com.tw/job/8ypkd,https://www.104.com.tw/company/1a2x6bnkqg
【活用經驗】日系電子零件貿易商／IT軟體工程師／470037,台灣邁那比股份有限公司,台北市中山區,"48,000 ~ 80,000 元",大學、碩士、博士,不限,否,2026-03-02,1,職務內容： 1.公司內部系統開發時與內部、外部業者接洽溝通，可繪制系統架構圖。 2. [[[RPA]]](Power Automater)雲、地端流程開發、維護與優化。 3. Power BI製作與管理。 4.社內自動化工具開發與維護。  具備條件： ・3年,人力仲介代徵,https://www.104.com.tw/job/8xxmz,https://www.104.com.tw/company/1a2x6bkvmh
【活用經驗】日系電子零件貿易商／IT軟體工程師／470037,台灣邁那比股份有限公司,台北市中山區,"48,000 ~ 80,000 元",大學、碩士、博士,不限,否,2026-03-02,1,職務內容： 1.公司內部系統開發時與內部、外部業者接洽溝通，可繪制系統架構圖。 2. [[[RPA]]](Power Automater)雲、地端流程開發、維護與優化。 3. Power BI製作與管理。 4.社內自動化工具開發與維護。  具備條件： ・3年,人力仲介代徵,https://www.104.com.tw/job/8xxmz,https://www.104.com.tw/company/1a2x6bkvmh
【財務投資】投資作業二科科主管,富邦人壽保險股份有限公司(總公司),台北市信義區 松高路77號,面議,大學,兼職,否,2026-03-02,2,1.監督覆核投資交易確認與交割流程 2.管理投資部位系統操作與資料維護 3.與前台投資部門、後端帳務單位及外部機構保持良好溝通,人身保險業,https://www.104.com.tw/job/8tubi,https://www.104.com.tw/company/ctztka0
MIS資訊系統工程師,鏵友益科技股份有限公司,高雄市路竹區 北嶺六路88號,"35,000 ~ 55,000 元",專科、大學,不限,否,2026-03-02,1,背景服務 (Batch Job)。 4. 自動化流程建置：開發與維護自動化流程 ([[[RPA]]]) 及 ETL工具，以簡化作業流程。 5. 需求實現與優化：根據使用者需求，進行系統分析、設計，並開發新功能模組，協助單位提升生產力。,其他金屬相關製造業,https://www.104.com.tw/job/8vonc,https://www.104.com.tw/company/1a2x6bj184
軟體業務專員,帝緯系統整合股份有限公司,台北市中正區 重慶南路一段57號9樓之13,面議,專科、大學、碩士,不限,是,2026-03-02,5,Demo）  4.AI技術概念敏感度(可培養)   • 對AI應用(如AIAgents、[[[RPA]]])有興趣  • 能與技術團隊配合，清楚傳達內外部需求,網際網路相關業,https://www.104.com.tw/job/7jp0b,https://www.104.com.tw/company/anxeu5k
【凱基金控】2026 儲備幹部(MA),凱基金融控股股份有限公司|凱基證券|凱基銀行|中華開發資本|凱基投信,台北市松山區 敦化北路135號,"75,000 ~ 75,000 元",碩士,兼職,否,2026-01-26,2,   3. 有實際使用 AI 工具優化流程或進行自動化（[[[RPA]]]/Automation）的經驗。   4. 具有實際應用系統開發經驗，熟悉Java/C#、Javascript (具框架經驗尤佳)、Python等開發語言。   5. 能運用數據建模或統計,金融控股業,https://www.104.com.tw/job/8xh30,https://www.104.com.tw/company/wjcsmhk
VIS240115-成本管理會計資深管理師,世界先進積體電路股份有限公司,新竹市 新竹科學園區園區三路123號,面議,大學、碩士,兼職,否,2026-02-25,6,1.每月生產成本、製造費用之結轉及存貨交易之結算與分析。 2.每月存貨交易之結算、評價及帳齡報表之編製與分析。 3.產品單位成本、毛利及製造費用差異之計算與分析。 4.存貨之控管及參與年底存貨盤點。 5.存貨、生產成本等相關流程及系統改善。 6.提供生產成本、存貨帳務資訊以完成財務及稅務簽證作業。,半導體製造業,https://www.104.com.tw/job/8frw1,https://www.104.com.tw/company/12nocs6o
資訊部-主任 (Application Support),香港商東亞銀行有限公司台北分公司,台北市松山區 敦化北路88號10樓、10樓之3及11樓之3,面議,大學、碩士,不限,否,2026-03-02,1,1.分析和維護現有應用程式； 2.規劃整合專案並制定工作計畫； 3.根據供規格和技術設計開發程式； 4.發現並解決現有應用程式問題。 5.管理廠商專案及需求,銀行業,https://www.104.com.tw/job/6a5hw,https://www.104.com.tw/company/18n286pc
CFO/ AVP -電池製造業 TW11128-148 (808),"經緯智庫股份有限公司 (MGR Consulting Co., Ltd.)",台北市松山區 敦化北路168號12樓,面議,大學、碩士、博士,兼職,否,2026-02-25,2,協作   - 帶領台灣/海外財會團隊，以及提升組織效能   - 推動數位財務(ERP、BI、[[[RPA]]]等)的優化專案   - 建立財會人才發展與跨國管理制度  更多職缺請參考 https://www.mgr.com.tw/CN/JobList.aspx,人力仲介代徵,https://www.104.com.tw/job/6onm8,https://www.104.com.tw/company/1a2x6bjeys
Senior LLM Application Engineer_台達研究院(台北),台達電子工業股份有限公司 _DELTA ELECTRONICS INC.,台北市內湖區 瑞光路186號,面議,碩士、博士,兼職,否,2026-03-02,7,", internal services).  •  Implement agentic workflows combined with automation tools (e.g., [[[RPA]]], workflow engines, or low-",其他電子零組件相關業,https://www.104.com.tw/job/8x23z,https://www.104.com.tw/company/fn5mtmo
【諮詢服務】資安轉型與數位風險諮詢 - 顧問/資深顧問,安永聯合會計師事務所,台北市信義區 基隆路一段333號9樓(110),面議,大學、碩士,兼職,否,2026-03-02,6,在安永，你將擁有全球級的視野與資源，並在包容開放的文化中，打造與你一樣獨特的職業生涯，更提供讓你成為「市場稀缺人才」的加速器。加入我們，你將直接與頂尖專家並肩作戰。透過扁平化的指導機制，你將迅速解鎖大型企業的運作核心，深入參與最關鍵的數位與資安轉型戰役。告別單一領域的限制，我們將協助你成為市場上最炙手可熱的科技策略人才。  1. 數位風險評估與新興科技諮詢 (Digital Risk Assessment & Emerging Tech Advisory) (1)新興科技診斷： 針對客戶的數位轉型關鍵領域（涵蓋雲端架構 Cloud、人工智慧(AI/GenAI/Agentic AI)等業務），設計客製化訪談架構並執行深度風險盤點。 (2)風險差異分析： 識別新技術應用中的資安盲點與合規斷層（如雲端風險、人工智慧風險），並運用國際標準與AI治理框架，提出具體且可落地的強化建議。  2. 資安轉型與治理標準化 (1)治理制度建立：透過新興科技的導入與應用建議，將碎片化的 IT 作業轉化為標準化的治理流程，奠定轉型基礎。 (2)流程自動化優化： 針對既有的資安運作流程進行優化 (Process Optimization)，開發自動化腳本或AI輔助工具，提升風險管理的效率與精準度。  3. 專案交付與知識賦能 (1)建立次世代顧問工作模式：參與團隊內部AI賦能計畫，優化與訓練AI協作工具，將AI工具整合顧問日常作業，與團隊共同定義高效交付標準。 (2)技術資產建構： 負責將複雜的技術發現，轉化為決策層可閱讀的風險評估報告或轉型建議。主動追蹤市場前沿議題（如 AI 安全、流程智能化），並將研究成果內化為團隊知識與客戶建議，持續提升團隊諮詢量能。,會計服務業,https://www.104.com.tw/job/8xclg,https://www.104.com.tw/company/1vzrgxd
人力資源專業人員_I00017255,國泰金控_國泰金融控股股份有限公司,台北市大安區 仁愛路296號,面議,國中以下、高中職、專科、大學、碩士、博士,兼職,否,2026-01-08,17,劃管理及相關作業、緊急應變窗口 7.	應用AI、[[[RPA]]]等數位化工具處理行政庶務 8.	其它主管臨時交辦事項及專案業務支援 ,金融控股業,https://www.104.com.tw/job/8bvd8,https://www.104.com.tw/company/wjct48g
軟體驗證工程師(SWVV),瑞祺電通股份有限公司,新北市新莊區 建國一路308號11樓,"30,000 ~ 60,000 元",大學、碩士、博士,不限,否,2026-02-25,1,1. 對相關PC、網路、儲存等技術有學習熱誠。 2. 具IT infra經驗尤佳，無相關經驗亦可提供相關訓練。 3. DRIVER、NAS、IPMI、BMC、軟體驗證功能驗證。 4. 自動化測試相關之[[[RPA]]]、AI 開發與維護。 5. 根據系統需求,電腦及其週邊設備製造業,https://www.104.com.tw/job/65pyf,https://www.104.com.tw/company/d35de9s
［UPD］軟體工程師 (資訊系統組),91APP_英屬開曼群島商九一應用軟體股份有限公司台灣分公司,台北市南港區 八德路四段768巷5號6樓,面議,大學、碩士、博士,兼職,否,2026-02-23,5,統整合…等，提升組織競爭力。軟體工程師將與專案經理密切合作，持續提供/維運可靠的營運系統，並根據內部使用者作業情境開發及設計自動化流程([[[RPA]]])，提升作業效率。另一方面，與世界級品牌/物流企業/跨團隊一起協作，整合 WMS / IMS / OMS,網際網路相關業,https://www.104.com.tw/job/8dbq7,https://www.104.com.tw/company/1a2x6bmz7m
資訊工程師_台元科技園區(N00),均華精密工業股份有限公司,新竹縣竹北市,"34,000 ~ 60,000 元",專科、大學、碩士、博士,不限,否,2026-03-02,8,1.Notes應用系統開發維運 2.C#應用系統開發維運+[[[RPA]]] 3.SQL資料庫開發維運 4.資訊系統維運管理 5.主管交辦事項  ,半導體製造業,https://www.104.com.tw/job/8v2qs,https://www.104.com.tw/company/oflnowg
人力資源系統管理師(HRIS)｜3年以上實務經驗｜,英屬維京群島商祥茂光電科技股份有限公司台灣分公司,新北市林口區 工四路18號,面議,大學、碩士、博士,兼職,否,2026-02-26,4,1.	系統規劃與優化：主導 HRIS 系統的規劃、導入與效能優化，涵蓋招募、薪酬福利、人才發展等 HR 核心流程，持續提升運作效率 2.	數據管理與決策支援：建立並維護 HR 數據報表，進行資料分析 3.	數位轉型推動：協助各 HR 功能團隊推進辦公室自動化與行動化應用，包括 AI 工具導入與教學 4.	跨部門協作：作為 HR 與 IT 之間的橋樑，推動跨部門專案合作，確保系統需求與企業策略一致 5.	主管交辦的專案或臨時工作 ,光電產業,https://www.104.com.tw/job/8tmm9,https://www.104.com.tw/company/d1uwq80
財務會計專員,綠藤生物科技股份有限公司,台北市大安區 敦化南路二段77號10樓之1A,"36,000 ~ 45,000 元",國中以下、高中職、專科、大學、碩士、博士,兼職,是,2026-02-23,6,｜這份工作的核心內容 Responsibilities ｜ 1. 稅務管理：負責營業稅、各類所得扣繳申報，並配合會計師查帳作業提供與作業相關所需之公司文件 2. 會計帳務管理：包含應收、應付帳款核對與發票開立 3. 資金管理：協助辦理銀行現金存款、提款、匯款、轉帳作業 4. 協助主管交辦之其他事項   ｜我們正尋找這樣的你 Qualifications｜ 1. 3 年以上財會工作經驗，具會計師事務所相關工作經驗者佳 2. 國內外大學會計系、商學相關系所畢 3. 熟悉 Excel 操作（vlookup、樞紐） 4. 具備鼎新 ERP 系統操作經驗者佳 5. 細心、耐心，在意每個數字的正確性。富有責任感，對於當責工作內容自我要求高,藥品／化妝品及清潔用品零售業,https://www.104.com.tw/job/8vahz,https://www.104.com.tw/company/1a2x6bix8u
【諮詢服務】財務與企業轉型諮詢 - 顧問/資深顧問,安永聯合會計師事務所,台北市信義區 基隆路一段333號9樓(110),面議,大學、碩士、博士,兼職,否,2026-03-02,5,"Our projects span from finance digitalization to people and organizational change, giving you the opportunity to grow into a well-rounded transformation advisor. What you will do: - Support finance digital transformation, including: 　- Budgeting & forecasting process design and system implementation 　- Consolidation process design and system implementation 　- Management reporting design and optimization 　- KPI and performance measurement design - Deliver people capital consulting, including: 　- Organization structure and workforce design 　- HR policies and compensation framework optimization 　- Performance management and incentive design 　- Succession Planning - Contribute to enterprise transformation initiatives, including: 　- Target operating model redesign (including process, organization, technology) 　- Culture shaping and change management What makes this role unique: - You will specialize in finance transformation, while also developing expertise in people and organizational change — a rare combination highly valued in the market. - You will work in cross-disciplinary teams that integrate finance, HR, and operations perspectives to solve client challenges. - You will have exposure to end-to-end transformation projects, giving you both depth in finance and breadth in organizational development. What we are looking for: - Passion for finance, organization, and digital transformation - Strong problem-solving and analytical skills - Ability to communicate complex ideas clearly - Team player with adaptability in a fast-changing environment",會計服務業,https://www.104.com.tw/job/8tgzi,https://www.104.com.tw/company/1vzrgxd
【2026年遇見未來･富邦實習】學生職場實習_法令遵循業務助理,富邦人壽保險股份有限公司(總公司),台北市松山區 實習工作地點以報到通知函為主,205 ~ 220 元,大學、碩士,兼職,否,2026-03-02,6,)之重要法令及影響研究。 5.資料梳理及規劃。 6.其他主管交辦工作。  ★工作環境： 1.跨領域合作，結合法遵專業與資訊技術，鼓勵創新與流程優化。 2.提供自動化流程([[[RPA]]])工具，並提供AI相關系統及工具(專業版Copilot)。 3.提供法遵,人身保險業,https://www.104.com.tw/job/8xvid,https://www.104.com.tw/company/ctztka0
【審計服務】財務會計諮詢服務 - 組員,安永聯合會計師事務所,台北市信義區 基隆路一段333號9樓(110),"面議（底薪 40,000 起）",大學、碩士,兼職,否,2026-03-02,3, 上市櫃(IPO)及SPAC規劃及輔導諮詢服務 6. [[[RPA]]]專案開發、維運及執行,會計服務業,https://www.104.com.tw/job/5ytp4,https://www.104.com.tw/company/1vzrgxd
【諮詢服務】財務與企業轉型諮詢 - 技術顧問/資深顧問,安永聯合會計師事務所,台北市信義區 基隆路一段333號9樓(110),面議,大學、碩士、博士,兼職,否,2026-03-02,1,"As a member of our Finance Performance & Organization Transformation team, you will work with leading companies on their transformation journey.  Our projects span from finance digitalization to people and organizational change, giving you the opportunity to grow into a well-rounded transformation advisor. What you will do: - Support finance digital transformation, including: 　- Budgeting & forecasting process design and system implementation 　- Consolidation process design and system implementation 　- Management reporting design and optimization 　- KPI and performance measurement design - Deliver people capital consulting, including: 　- Organization structure and workforce design 　- HR policies and compensation framework optimization 　- Performance management and incentive design 　- Succession Planning - Contribute to enterprise transformation initiatives, including: 　- Target operating model redesign (including process, organization, technology) 　- Culture shaping and change management What makes this role unique: - You will specialize in finance transformation, while also developing expertise in people and organizational change — a rare combination highly valued in the market. - You will work in cross-disciplinary teams that integrate finance, HR, and operations perspectives to solve client challenges. - You will have exposure to end-to-end transformation projects, giving you both depth in finance and breadth in organizational development. What we are looking for: - Passion for finance, organization, and digital transformation - Strong problem-solving and analytical skills - Ability to communicate complex ideas clearly - Team player with adaptability in a fast-changing environment",會計服務業,https://www.104.com.tw/job/8tgzj,https://www.104.com.tw/company/1vzrgxd
Digital Transformation Manager (Finance),貿聯國際股份有限公司,新北市中和區 建一路186號3樓,面議,大學、碩士、博士,兼職,否,2026-02-25,4,".g., [[[RPA]]], AI/ML, cloud-based solutions, advanced analytics). * Project Leadership & Delivery: Oversee the entire lifecycle",其他電子零組件相關業,https://www.104.com.tw/job/8y6ht,https://www.104.com.tw/company/18jym5s8
程式設計助理工程師(彰化廠),SDI_順德工業股份有限公司,彰化縣彰化市 彰南路二段260號,"38,200 ~ 46,000 元",大學、碩士,兼職,否,2026-03-02,4,團將碳管理平台[[[RPA]]]串接  加分條件：熟悉Java / JavaScript / html / css 等程式語言  【錄用之職稱/薪資依面談後之學經歷核敘】,半導體製造業,https://www.104.com.tw/job/7zr16,https://www.104.com.tw/company/qvlg45c
台積電駐廠儀控課助理工程師-南科,河筧工程有限公司,台南市善化區 南科,"35,000 ~ 43,000 元",專科、大學,不限,否,2026-03-01,0,"1.資料庫、報表彙總 2.行政文書處理 3.會議報告內容追蹤整理 4.例行工程內容資料整理更新 5.現場巡檢 6.主管交辦事項 7.懂基本basic c++ 語言，及MS-DOS符號指令代碼運用，     若不懂，有專人教導，希望有學習的熱忱。  ※因在台積電廠內工作，故無法帶3C產品或可置入資料的產品進廠(EX:智慧型手機、隨身碟、APPLE WATCH或小米手環等)  ※薪資結構35000元(本薪34500元+500元變動性工作獎勵金) ※三節禮金、生日禮金、年終尾牙及抽獎活動  ※期滿或年終獎金1～3個月，以2個月為基準,視工作績效、出勤、工作職務、工作    安全(品質) 意識等因素，予以調整。 ",空調水機電工程業,https://www.104.com.tw/job/8dvis,https://www.104.com.tw/company/cx87c2g
<資訊>HR 系統導入／HR 流程系統化 專案經理（PM）,立端科技股份有限公司,新北市汐止區 大同路二段155號8樓(221),面議,專科、大學、碩士,不限,否,2026-03-02,0,期待您的加入，與團隊一同往前邁進！歡迎進一步了解職缺，  1.主導 HRIS 導入與優化（需求訪談、時程與風險管控、整合測試、上線與穩定化）。 2.盤點並系統化 HR 核心流程（組織/出勤/薪資/招募/績效/訓練），落地 To‑Be 流程。 3.跨部門協作（HR、IT、財務、各地 HR 與外部顧問），推動需求一致與進度達成。 4.規劃並執行 UAT／教育訓練與變革管理，提高使用者採用率。 5.建立上線後維運機制（版本更新、問題追蹤、持續改善）。,電腦及其週邊設備製造業,https://www.104.com.tw/job/853ea,https://www.104.com.tw/company/a99730w
數位聯通部 資訊處處長,聯新國際醫療集團_聯新健康股份有限公司,桃園市平鎮區 廣泰路77號,面議,碩士、博士,兼職,否,2026-03-02,1,DR）。 （四）數據與 AI 應用推進：建構數據治理制度、主數據管理(MDM)及企業資料湖(Data Lake)，推動AI、物聯網(IoT)、[[[RPA]]]等智慧技術於臨床與行政的導入與評估，促成數據驅動決策(Data-driven Decision,其他醫療保健服務業,https://www.104.com.tw/job/8x2tg,https://www.104.com.tw/company/1a2x6blhl1
台北廠-系統開發工程師 (AI 應用專員),新至陞科技股份有限公司,新北市新莊區 化成路11巷36號,面議,專科、大學、碩士,兼職,否,2026-03-02,2,"1.系統維護與開發： 負責EasyFlow .NET 電子流程系統之規劃、開發與日常維護、     SmartQuery 系統應用與報表開發。 2.流程優化： 協助各部門進行流程梳理，並透過系統化工具解決繁瑣作業。 3.AI 應用提案： 持續關注生成式 AI 或自動化技術，針對內部行政、研發或業務流程提出   「降本增效」的改進方案。 4.技術整合： 評估將 AI 工具（如 ChatGPT API, Copilot 等）串接至公司現有系統或作業流     程之可行性。 5.內部培訓： 向同仁推廣 AI 工具應用，提升組織整體數位韌性。 ",其他電子零組件相關業,https://www.104.com.tw/job/74wb1,https://www.104.com.tw/company/gjkhc74
SAP高級工程師,宏齊科技股份有限公司,新竹市 中華路五段522巷18號,面議,大學,兼職,否,2026-02-11,1,1.SAP模組需求流程訪談/設計/開發/維護/問題處理 2.ABAP客制程式開發、維護 3.IMG維護 4.資料庫開發整合、串接經驗 5.良好邏輯、溝通、組織與表達能力 6.[[[RPA]]]流程自動化開發 7.協助BPM簽核系統開發 8.主管交辦事項  ,半導體製造業,https://www.104.com.tw/job/86lce,https://www.104.com.tw/company/151tp1dk
【cacaFly】雲端智能中心-雲端業務經理 (Cloud Sales Manager),聖洋科技股份有限公司,台北市大安區 基隆路二段172-1號13樓,面議,大學、碩士、博士,兼職,否,2026-03-02,2, 或 Professional Cloud Architect 認證 ●  	具備微軟生態系（Azure/M365）或 AWS 銷售經驗，能精準進行競品分析 ●  	有實際導入或銷售企業級 AI 知識庫（Knowledge Base）或 [[[RPA]]] 流程,網際網路相關業,https://www.104.com.tw/job/8xuvu,https://www.104.com.tw/company/cwxi5k0
RPA Solution Pre-Sales,台灣富士軟片資訊股份有限公司,台北市松山區 敦化北路88號7樓,面議,大學、碩士、博士,兼職,否,2026-01-30,0,1. 蒐集客戶需求並進行可行性評估 2. 協助工程師開發以及溝通作業 3. 管理專案進度並製作專案需求文件 4. 客戶[[[RPA]]]使用問題排除,電腦系統整合服務業,https://www.104.com.tw/job/7xm7a,https://www.104.com.tw/company/1mpl4c0
郵輪線控 Account Manager (麗星郵輪探索星號SNA)(可部分遠端),AsiaYo_亞洲遊科技股份有限公司,台北市大安區 敦化南路2段77號18樓之3,"48,000 ~ 55,000 元",專科、大學、碩士、博士,兼職,是,2026-03-03,6,自己的聲音。我們鼓勵獨立思考，並提出更好的建議來改善流程與產品。  ◆ 科技賦能：提供付費AI軟體，鼓勵同仁運用科技優化日常工作。你將有機會與工程部門協作，運用自動化工具（[[[RPA]]]），將時間投入更有價值的事物。  ◆ 彈性與平衡：提供混合辦公與彈性工,網際網路相關業,https://www.104.com.tw/job/86wn4,https://www.104.com.tw/company/1a2x6bjmm7
